energy_keV,reachable,holders,elements,focal_length_mm,image_distance_mm,z_mm,z_margin_mm
2.100,True,9,1,1295.004076,1295.004076,54.995924,195.004076
2.110,True,9,1,1307.366814,1307.366814,42.633186,207.366814
2.120,True,9,1,1319.788281,1319.788281,30.211719,219.788281
2.130,True,9,1,1332.268479,1332.268479,17.731521,232.268479
2.140,True,9,1,1344.807408,1344.807408,5.192592,244.807408
2.150,True,9,1,1357.405066,1357.405066,-7.405066,242.594934
2.160,True,9,1,1370.061455,1370.061455,-20.061455,229.938545
2.170,True,9,1,1382.776575,1382.776575,-32.776575,217.223425
2.180,True,9,1,1395.550425,1395.550425,-45.550425,204.449575
2.190,True,9,1,1408.383005,1408.383005,-58.383005,191.616995
2.200,True,9,1,1421.274315,1421.274315,-71.274315,178.725685
2.210,True,9,1,1434.224356,1434.224356,-84.224356,165.775644
2.220,True,9,1,1447.233127,1447.233127,-97.233127,152.766873
2.230,True,9,1,1460.300628,1460.300628,-110.300628,139.699372
2.240,True,9,1,1473.426860,1473.426860,-123.426860,126.573140
2.250,True,9,1,1486.611822,1486.611822,-136.611822,113.388178
2.260,True,9,1,1499.855515,1499.855515,-149.855515,100.144485
2.270,True,9,1,1513.157938,1513.157938,-163.157938,86.842062
2.280,True,9,1,1526.519091,1526.519091,-176.519091,73.480909
2.290,True,9,1,1539.938974,1539.938974,-189.938974,60.061026
2.300,True,9,1,1553.417588,1553.417588,-203.417588,46.582412
2.310,True,9,1,1566.954932,1566.954932,-216.954932,33.045068
2.320,True,9,1,1580.551007,1580.551007,-230.551007,19.448993
2.330,True,9,1,1594.205812,1594.205812,-244.205812,5.794188
2.340,True,9 11,2,1148.513819,1148.513819,201.486181,48.513819
2.350,True,9 11,2,1158.351152,1158.351152,191.648848,58.351152
2.360,True,9 11,2,1168.230435,1168.230435,181.769565,68.230435
2.370,True,9 11,2,1178.151668,1178.151668,171.848332,78.151668
2.380,True,9 11,2,1188.114851,1188.114851,161.885149,88.114851
2.390,True,9 11,2,1198.119984,1198.119984,151.880016,98.119984
2.400,True,9 11,2,1208.167068,1208.167068,141.832932,108.167068
2.410,True,9 11,2,1218.256102,1218.256102,131.743898,118.256102
2.420,True,9 11,2,1228.387087,1228.387087,121.612913,128.387087
2.430,True,9 11,2,1238.560021,1238.560021,111.439979,138.560021
2.440,True,9 11,2,1248.774906,1248.774906,101.225094,148.774906
2.450,True,9 11,2,1259.031741,1259.031741,90.968259,159.031741
2.460,True,9 11,2,1269.330526,1269.330526,80.669474,169.330526
2.470,True,9 11,2,1279.671262,1279.671262,70.328738,179.671262
2.480,True,9 11,2,1290.053947,1290.053947,59.946053,190.053947
2.490,True,9 11,2,1300.478583,1300.478583,49.521417,200.478583
2.500,True,9 11,2,1310.945170,1310.945170,39.054830,210.945170
2.510,True,9 11,2,1321.453706,1321.453706,28.546294,221.453706
2.520,True,9 11,2,1332.004193,1332.004193,17.995807,232.004193
2.530,True,9 11,2,1342.596630,1342.596630,7.403370,242.596630
2.540,True,9 11,2,1353.231017,1353.231017,-3.231017,246.768983
2.550,True,9 11,2,1363.907354,1363.907354,-13.907354,236.092646
2.560,True,9 11,2,1374.625642,1374.625642,-24.625642,225.374358
2.570,True,9 11,2,1385.385880,1385.385880,-35.385880,214.614120
2.580,True,9 11,2,1396.188068,1396.188068,-46.188068,203.811932
2.590,True,9 11,2,1407.032207,1407.032207,-57.032207,192.967793
2.600,True,9 11,2,1417.918295,1417.918295,-67.918295,182.081705
2.610,True,9 11,2,1428.846334,1428.846334,-78.846334,171.153666
2.620,True,9 11,2,1439.816324,1439.816324,-89.816324,160.183676
2.630,True,9 11,2,1450.828263,1450.828263,-100.828263,149.171737
2.640,True,9 11,2,1461.882153,1461.882153,-111.882153,138.117847
2.650,True,9 11,2,1472.977993,1472.977993,-122.977993,127.022007
2.660,True,9 11,2,1484.115783,1484.115783,-134.115783,115.884217
2.670,True,9 11,2,1495.295523,1495.295523,-145.295523,104.704477
2.680,True,9 11,2,1506.517214,1506.517214,-156.517214,93.482786
2.690,True,9 11,2,1517.780855,1517.780855,-167.780855,82.219145
2.700,True,9 11,2,1529.086446,1529.086446,-179.086446,70.913554
2.710,True,9 11,2,1540.433987,1540.433987,-190.433987,59.566013
2.720,True,9 11,2,1551.823479,1551.823479,-201.823479,48.176521
2.730,True,9 11,2,1563.254921,1563.254921,-213.254921,36.745079
2.740,True,9 11,2,1574.728313,1574.728313,-224.728313,25.271687
2.750,True,9 11,2,1586.243655,1586.243655,-236.243655,13.756345
2.760,True,9 11,2,1597.800948,1597.800948,-247.800948,2.199052
2.770,False,,,,,,
2.780,False,,,,,,
2.790,False,,,,,,
2.800,False,,,,,,
2.810,False,,,,,,
2.820,False,,,,,,
2.830,False,,,,,,
2.840,False,,,,,,
2.850,False,,,,,,
2.860,False,,,,,,
2.870,False,,,,,,
2.880,False,,,,,,
2.890,False,,,,,,
2.900,False,,,,,,
2.910,False,,,,,,
2.920,False,,,,,,
2.930,False,,,,,,
2.940,False,,,,,,
2.950,False,,,,,,
2.960,False,,,,,,
2.970,False,,,,,,
2.980,False,,,,,,
2.990,False,,,,,,
3.000,False,,,,,,
3.010,False,,,,,,
3.020,False,,,,,,
3.030,False,,,,,,
3.040,False,,,,,,
3.050,False,,,,,,
3.060,False,,,,,,
3.070,False,,,,,,
3.080,False,,,,,,
3.090,False,,,,,,
3.100,False,,,,,,
3.110,False,,,,,,
3.120,False,,,,,,
3.130,False,,,,,,
3.140,False,,,,,,
3.150,False,,,,,,
3.160,False,,,,,,
3.170,False,,,,,,
3.180,False,,,,,,
3.190,False,,,,,,
3.200,False,,,,,,
3.210,False,,,,,,
3.220,False,,,,,,
3.230,False,,,,,,
3.240,False,,,,,,
3.250,False,,,,,,
3.260,False,,,,,,
3.270,False,,,,,,
3.280,False,,,,,,
3.290,False,,,,,,
3.300,False,,,,,,
3.310,False,,,,,,
3.320,False,,,,,,
3.330,False,,,,,,
3.340,False,,,,,,
3.350,False,,,,,,
3.360,False,,,,,,
3.370,False,,,,,,
3.380,False,,,,,,
3.390,False,,,,,,
3.400,False,,,,,,
3.410,False,,,,,,
3.420,False,,,,,,
3.430,False,,,,,,
3.440,False,,,,,,
3.450,False,,,,,,
3.460,False,,,,,,
3.470,True,10,8,1104.947178,1104.947178,245.052822,4.947178
3.480,True,10,8,1111.324927,1111.324927,238.675073,11.324927
3.490,True,10,8,1117.721028,1117.721028,232.278972,17.721028
3.500,True,10,8,1124.135483,1124.135483,225.864517,24.135483
3.510,True,10,8,1130.568291,1130.568291,219.431709,30.568291
3.520,True,10,8,1137.019452,1137.019452,212.980548,37.019452
3.530,True,10,8,1143.488966,1143.488966,206.511034,43.488966
3.540,True,10,8,1149.976834,1149.976834,200.023166,49.976834
3.550,True,10,8,1156.483055,1156.483055,193.516945,56.483055
3.560,True,10,8,1163.007629,1163.007629,186.992371,63.007629
3.570,True,10,8,1169.550556,1169.550556,180.449444,69.550556
3.580,True,10,8,1176.111837,1176.111837,173.888163,76.111837
3.590,True,10,8,1182.691471,1182.691471,167.308529,82.691471
3.600,True,10,8,1189.289458,1189.289458,160.710542,89.289458
3.610,True,10,8,1195.905798,1195.905798,154.094202,95.905798
3.620,True,10,8,1202.540492,1202.540492,147.459508,102.540492
3.630,True,10,8,1209.193538,1209.193538,140.806462,109.193538
3.640,True,10,8,1215.864938,1215.864938,134.135062,115.864938
3.650,True,10,8,1222.554691,1222.554691,127.445309,122.554691
3.660,True,10,8,1229.262798,1229.262798,120.737202,129.262798
3.670,True,10,8,1235.989258,1235.989258,114.010742,135.989258
3.680,True,10,8,1242.734070,1242.734070,107.265930,142.734070
3.690,True,10,8,1249.497237,1249.497237,100.502763,149.497237
3.700,True,10,8,1256.278756,1256.278756,93.721244,156.278756
3.710,True,10,8,1263.078629,1263.078629,86.921371,163.078629
3.720,True,10,8,1269.896854,1269.896854,80.103146,169.896854
3.730,True,10,8,1276.733433,1276.733433,73.266567,176.733433
3.740,True,10,8,1283.588366,1283.588366,66.411634,183.588366
3.750,True,10,8,1290.461651,1290.461651,59.538349,190.461651
3.760,True,10,8,1297.353290,1297.353290,52.646710,197.353290
3.770,True,10,8,1304.263282,1304.263282,45.736718,204.263282
3.780,True,10,8,1311.191627,1311.191627,38.808373,211.191627
3.790,True,10,8,1318.138326,1318.138326,31.861674,218.138326
3.800,True,10,8,1325.103377,1325.103377,24.896623,225.103377
3.810,True,10,8,1332.086782,1332.086782,17.913218,232.086782
3.820,True,10,8,1339.088540,1339.088540,10.911460,239.088540
3.830,True,10,8,1346.108652,1346.108652,3.891348,246.108652
3.840,True,10,8,1353.147116,1353.147116,-3.147116,246.852884
3.850,True,10,8,1360.203934,1360.203934,-10.203934,239.796066
3.860,True,10,8,1367.279105,1367.279105,-17.279105,232.720895
3.870,True,10,8,1374.372630,1374.372630,-24.372630,225.627370
3.880,True,1,1,1105.187606,1105.187606,244.812394,5.187606
3.890,True,1,1,1110.891790,1110.891790,239.108210,10.891790
3.900,True,1,1,1116.610658,1116.610658,233.389342,16.610658
3.910,True,1,1,1122.344207,1122.344207,227.655793,22.344207
3.920,True,1,1,1128.092440,1128.092440,221.907560,28.092440
3.930,True,1,1,1133.855355,1133.855355,216.144645,33.855355
3.940,True,1,1,1139.632952,1139.632952,210.367048,39.632952
3.950,True,1,1,1145.425232,1145.425232,204.574768,45.425232
3.960,True,1,1,1151.232195,1151.232195,198.767805,51.232195
3.970,True,1,1,1157.053840,1157.053840,192.946160,57.053840
3.980,True,1,1,1162.890168,1162.890168,187.109832,62.890168
3.990,True,1,1,1168.741179,1168.741179,181.258821,68.741179
4.000,True,1,1,1174.606872,1174.606872,175.393128,74.606872
4.010,True,1,1,1180.487248,1180.487248,169.512752,80.487248
4.020,True,1,1,1186.382306,1186.382306,163.617694,86.382306
4.030,True,1,1,1192.292047,1192.292047,157.707953,92.292047
4.040,True,1,1,1198.216470,1198.216470,151.783530,98.216470
4.050,True,1,1,1204.155576,1204.155576,145.844424,104.155576
4.060,True,1,1,1210.109365,1210.109365,139.890635,110.109365
4.070,True,1,1,1216.077836,1216.077836,133.922164,116.077836
4.080,True,1,1,1222.060990,1222.060990,127.939010,122.060990
4.090,True,1,1,1228.058826,1228.058826,121.941174,128.058826
4.100,True,1,1,1234.071345,1234.071345,115.928655,134.071345
4.110,True,1,1,1240.098546,1240.098546,109.901454,140.098546
4.120,True,1,1,1246.140430,1246.140430,103.859570,146.140430
4.130,True,1,1,1252.196997,1252.196997,97.803003,152.196997
4.140,True,1,1,1258.268246,1258.268246,91.731754,158.268246
4.150,True,1,1,1264.354178,1264.354178,85.645822,164.354178
4.160,True,1,1,1270.454793,1270.454793,79.545207,170.454793
4.170,True,1,1,1276.570090,1276.570090,73.429910,176.570090
4.180,True,1,1,1282.700069,1282.700069,67.299931,182.700069
4.190,True,1,1,1288.844732,1288.844732,61.155268,188.844732
4.200,True,1,1,1295.004076,1295.004076,54.995924,195.004076
4.210,True,1,1,1301.178104,1301.178104,48.821896,201.178104
4.220,True,1,1,1307.366814,1307.366814,42.633186,207.366814
4.230,True,1,1,1313.570206,1313.570206,36.429794,213.570206
4.240,True,1,1,1319.788281,1319.788281,30.211719,219.788281
4.250,True,1,1,1326.021039,1326.021039,23.978961,226.021039
4.260,True,1,1,1332.268479,1332.268479,17.731521,232.268479
4.270,True,1,1,1338.530602,1338.530602,11.469398,238.530602
4.280,True,1,1,1344.807408,1344.807408,5.192592,244.807408
4.290,True,1,1,1351.098896,1351.098896,-1.098896,248.901104
4.300,True,1,1,1357.405066,1357.405066,-7.405066,242.594934
4.310,True,1,1,1363.725920,1363.725920,-13.725920,236.274080
4.320,True,1,1,1370.061455,1370.061455,-20.061455,229.938545
4.330,True,1,1,1376.411674,1376.411674,-26.411674,223.588326
4.340,True,1,1,1382.776575,1382.776575,-32.776575,217.223425
4.350,True,1,1,1389.156158,1389.156158,-39.156158,210.843842
4.360,True,1,1,1395.550425,1395.550425,-45.550425,204.449575
4.370,True,1,1,1401.959373,1401.959373,-51.959373,198.040627
4.380,True,1,1,1408.383005,1408.383005,-58.383005,191.616995
4.390,True,1,1,1414.821319,1414.821319,-64.821319,185.178681
4.400,True,1,1,1421.274315,1421.274315,-71.274315,178.725685
4.410,True,1,1,1427.741994,1427.741994,-77.741994,172.258006
4.420,True,1,1,1434.224356,1434.224356,-84.224356,165.775644
4.430,True,1,1,1440.721400,1440.721400,-90.721400,159.278600
4.440,True,1,1,1447.233127,1447.233127,-97.233127,152.766873
4.450,True,1,1,1453.759536,1453.759536,-103.759536,146.240464
4.460,True,1,1,1460.300628,1460.300628,-110.300628,139.699372
4.470,True,1,1,1466.856403,1466.856403,-116.856403,133.143597
4.480,True,1,1,1473.426860,1473.426860,-123.426860,126.573140
4.490,True,1,1,1480.012000,1480.012000,-130.012000,119.988000
4.500,True,1,1,1486.611822,1486.611822,-136.611822,113.388178
4.510,True,1,1,1493.226327,1493.226327,-143.226327,106.773673
4.520,True,1,1,1499.855515,1499.855515,-149.855515,100.144485
4.530,True,1,1,1506.499385,1506.499385,-156.499385,93.500615
4.540,True,1,1,1513.157938,1513.157938,-163.157938,86.842062
4.550,True,1,1,1519.831173,1519.831173,-169.831173,80.168827
4.560,True,1,1,1526.519091,1526.519091,-176.519091,73.480909
4.570,True,1,1,1533.221691,1533.221691,-183.221691,66.778309
4.580,True,1,1,1539.938974,1539.938974,-189.938974,60.061026
4.590,True,1,1,1546.670940,1546.670940,-196.670940,53.329060
4.600,True,1,1,1553.417588,1553.417588,-203.417588,46.582412
4.610,True,1,1,1560.178919,1560.178919,-210.178919,39.821081
4.620,True,1,1,1566.954932,1566.954932,-216.954932,33.045068
4.630,True,1,1,1573.745628,1573.745628,-223.745628,26.254372
4.640,True,1,1,1580.551007,1580.551007,-230.551007,19.448993
4.650,True,1,1,1587.371068,1587.371068,-237.371068,12.628932
4.660,True,1,1,1594.205812,1594.205812,-244.205812,5.794188
4.670,True,1 9,2,1280.844190,1280.844190,69.155810,180.844190
4.680,True,1 9,2,1286.335478,1286.335478,63.664522,186.335478
4.690,True,1 9,2,1291.838511,1291.838511,58.161489,191.838511
4.700,True,1 9,2,1297.353290,1297.353290,52.646710,197.353290
4.710,True,1 9,2,1302.879815,1302.879815,47.120185,202.879815
4.720,True,1 9,2,1308.418087,1308.418087,41.581913,208.418087
4.730,True,1 9,2,1313.968104,1313.968104,36.031896,213.968104
4.740,True,1 9,2,1319.529868,1319.529868,30.470132,219.529868
4.750,True,1 9,2,1325.103377,1325.103377,24.896623,225.103377
4.760,True,1 9,2,1330.688633,1330.688633,19.311367,230.688633
4.770,True,1 9,2,1336.285635,1336.285635,13.714365,236.285635
4.780,True,1 9,2,1341.894383,1341.894383,8.105617,241.894383
4.790,True,1 9,2,1347.514877,1347.514877,2.485123,247.514877
4.800,True,1 9,2,1353.147116,1353.147116,-3.147116,246.852884
4.810,True,1 9,2,1358.791102,1358.791102,-8.791102,241.208898
4.820,True,1 9,2,1364.446835,1364.446835,-14.446835,235.553165
4.830,True,1 9,2,1370.114313,1370.114313,-20.114313,229.885687
4.840,True,1 9,2,1375.793537,1375.793537,-25.793537,224.206463
4.850,True,1 9,2,1381.484507,1381.484507,-31.484507,218.515493
4.860,True,1 9,2,1387.187224,1387.187224,-37.187224,212.812776
4.870,True,1 9,2,1392.901686,1392.901686,-42.901686,207.098314
4.880,True,1 9,2,1398.627895,1398.627895,-48.627895,201.372105
4.890,True,1 9,2,1404.365849,1404.365849,-54.365849,195.634151
4.900,True,1 9,2,1410.115550,1410.115550,-60.115550,189.884450
4.910,True,1 9,2,1415.876996,1415.876996,-65.876996,184.123004
4.920,True,1 9,2,1421.650189,1421.650189,-71.650189,178.349811
4.930,True,1 9,2,1427.435128,1427.435128,-77.435128,172.564872
4.940,True,1 9,2,1433.231813,1433.231813,-83.231813,166.768187
4.950,True,1 9,2,1439.040244,1439.040244,-89.040244,160.959756
4.960,True,1 9,2,1444.860421,1444.860421,-94.860421,155.139579
4.970,True,1 9,2,1450.692344,1450.692344,-100.692344,149.307656
4.980,True,1 9,2,1456.536013,1456.536013,-106.536013,143.463987
4.990,True,1 9,2,1462.391429,1462.391429,-112.391429,137.608571
5.000,True,1 9,2,1468.258590,1468.258590,-118.258590,131.741410
5.010,True,1 9,2,1474.137497,1474.137497,-124.137497,125.862503
5.020,True,1 9,2,1480.028151,1480.028151,-130.028151,119.971849
5.030,True,1 9,2,1485.930550,1485.930550,-135.930550,114.069450
5.040,True,1 9,2,1491.844696,1491.844696,-141.844696,108.155304
5.050,True,1 9,2,1497.770588,1497.770588,-147.770588,102.229412
5.060,True,1 9,2,1503.708225,1503.708225,-153.708225,96.291775
5.070,True,1 9,2,1509.657609,1509.657609,-159.657609,90.342391
5.080,True,1 9,2,1515.618739,1515.618739,-165.618739,84.381261
5.090,True,1 9,2,1521.591615,1521.591615,-171.591615,78.408385
5.100,True,1 9,2,1527.576237,1527.576237,-177.576237,72.423763
5.110,True,1 9,2,1533.572605,1533.572605,-183.572605,66.427395
5.120,True,1 9,2,1539.580719,1539.580719,-189.580719,60.419281
5.130,True,1 9,2,1545.600579,1545.600579,-195.600579,54.399421
5.140,True,1 9,2,1551.632186,1551.632186,-201.632186,48.367814
5.150,True,1 9,2,1557.675538,1557.675538,-207.675538,42.324462
5.160,True,1 9,2,1563.730636,1563.730636,-213.730636,36.269364
5.170,True,1 9,2,1569.797481,1569.797481,-219.797481,30.202519
5.180,True,1 9,2,1575.876072,1575.876072,-225.876072,24.123928
5.190,True,1 9,2,1581.966408,1581.966408,-231.966408,18.033592
5.200,True,1 9,2,1588.068491,1588.068491,-238.068491,11.931509
5.210,True,1 9,2,1594.182320,1594.182320,-244.182320,5.817680
5.220,True,1 10,9,1111.324927,1111.324927,238.675073,11.324927
5.230,True,1 10,9,1115.586955,1115.586955,234.413045,15.586955
5.240,True,1 10,9,1119.857141,1119.857141,230.142859,19.857141
5.250,True,1 10,9,1124.135483,1124.135483,225.864517,24.135483
5.260,True,1 10,9,1128.421982,1128.421982,221.578018,28.421982
5.270,True,1 10,9,1132.716639,1132.716639,217.283361,32.716639
5.280,True,1 10,9,1137.019452,1137.019452,212.980548,37.019452
5.290,True,1 10,9,1141.330422,1141.330422,208.669578,41.330422
5.300,True,1 10,9,1145.649550,1145.649550,204.350450,45.649550
5.310,True,1 10,9,1149.976834,1149.976834,200.023166,49.976834
5.320,True,1 10,9,1154.312275,1154.312275,195.687725,54.312275
5.330,True,1 10,9,1158.655874,1158.655874,191.344126,58.655874
5.340,True,1 10,9,1163.007629,1163.007629,186.992371,63.007629
5.350,True,1 10,9,1167.367541,1167.367541,182.632459,67.367541
5.360,True,1 10,9,1171.735611,1171.735611,178.264389,71.735611
5.370,True,1 10,9,1176.111837,1176.111837,173.888163,76.111837
5.380,True,1 10,9,1180.496220,1180.496220,169.503780,80.496220
5.390,True,1 10,9,1184.888761,1184.888761,165.111239,84.888761
5.400,True,1 10,9,1189.289458,1189.289458,160.710542,89.289458
5.410,True,1 10,9,1193.698312,1193.698312,156.301688,93.698312
5.420,True,1 10,9,1198.115323,1198.115323,151.884677,98.115323
5.430,True,1 10,9,1202.540492,1202.540492,147.459508,102.540492
5.440,True,1 10,9,1206.973817,1206.973817,143.026183,106.973817
5.450,True,1 10,9,1211.415299,1211.415299,138.584701,111.415299
5.460,True,1 10,9,1215.864938,1215.864938,134.135062,115.864938
5.470,True,1 10,9,1220.322735,1220.322735,129.677265,120.322735
5.480,True,5,2,1102.309819,1102.309819,247.690181,2.309819
5.490,True,5,2,1106.336518,1106.336518,243.663482,6.336518
5.500,True,5,2,1110.370559,1110.370559,239.629441,10.370559
5.510,True,5,2,1114.411940,1114.411940,235.588060,14.411940
5.520,True,5,2,1118.460663,1118.460663,231.539337,18.460663
5.530,True,5,2,1122.516728,1122.516728,227.483272,22.516728
5.540,True,5,2,1126.580133,1126.580133,223.419867,26.580133
5.550,True,5,2,1130.650880,1130.650880,219.349120,30.650880
5.560,True,5,2,1134.728969,1134.728969,215.271031,34.728969
5.570,True,5,2,1138.814398,1138.814398,211.185602,38.814398
5.580,True,5,2,1142.907169,1142.907169,207.092831,42.907169
5.590,True,5,2,1147.007281,1147.007281,202.992719,47.007281
5.600,True,5,2,1151.114734,1151.114734,198.885266,51.114734
5.610,True,5,2,1155.229529,1155.229529,194.770471,55.229529
5.620,True,5,2,1159.351665,1159.351665,190.648335,59.351665
5.630,True,5,2,1163.481142,1163.481142,186.518858,63.481142
5.640,True,5,2,1167.617961,1167.617961,182.382039,67.617961
5.650,True,5,2,1171.762121,1171.762121,178.237879,71.762121
5.660,True,5,2,1175.913622,1175.913622,174.086378,75.913622
5.670,True,5,2,1180.072465,1180.072465,169.927535,80.072465
5.680,True,5,2,1184.238648,1184.238648,165.761352,84.238648
5.690,True,5,2,1188.412173,1188.412173,161.587827,88.412173
5.700,True,5,2,1192.593040,1192.593040,157.406960,92.593040
5.710,True,5,2,1196.781247,1196.781247,153.218753,96.781247
5.720,True,5,2,1200.976796,1200.976796,149.023204,100.976796
5.730,True,5,2,1205.179686,1205.179686,144.820314,105.179686
5.740,True,5,2,1209.389918,1209.389918,140.610082,109.389918
5.750,True,5,2,1213.607491,1213.607491,136.392509,113.607491
5.760,True,5,2,1217.832405,1217.832405,132.167595,117.832405
5.770,True,5,2,1222.064660,1222.064660,127.935340,122.064660
5.780,True,5,2,1226.304257,1226.304257,123.695743,126.304257
5.790,True,5,2,1230.551195,1230.551195,119.448805,130.551195
5.800,True,5,2,1234.805474,1234.805474,115.194526,134.805474
5.810,True,5,2,1239.067095,1239.067095,110.932905,139.067095
5.820,True,5,2,1243.336057,1243.336057,106.663943,143.336057
5.830,True,5,2,1247.612360,1247.612360,102.387640,147.612360
5.840,True,5,2,1251.896004,1251.896004,98.103996,151.896004
5.850,True,5,2,1256.186990,1256.186990,93.813010,156.186990
5.860,True,5,2,1260.485317,1260.485317,89.514683,160.485317
5.870,True,5,2,1264.790985,1264.790985,85.209015,164.790985
5.880,True,5,2,1269.103995,1269.103995,80.896005,169.103995
5.890,True,5,2,1273.424346,1273.424346,76.575654,173.424346
5.900,True,5,2,1277.752038,1277.752038,72.247962,177.752038
5.910,True,5,2,1282.087071,1282.087071,67.912929,182.087071
5.920,True,5,2,1286.429446,1286.429446,63.570554,186.429446
5.930,True,5,2,1290.779162,1290.779162,59.220838,190.779162
5.940,True,5,2,1295.136220,1295.136220,54.863780,195.136220
5.950,True,5,2,1299.500618,1299.500618,50.499382,199.500618
5.960,True,5,2,1303.872358,1303.872358,46.127642,203.872358
5.970,True,5,2,1308.251439,1308.251439,41.748561,208.251439
5.980,True,5,2,1312.637862,1312.637862,37.362138,212.637862
5.990,True,5,2,1317.031626,1317.031626,32.968374,217.031626
6.000,True,5,2,1321.432731,1321.432731,28.567269,221.432731
6.010,True,5,2,1325.841177,1325.841177,24.158823,225.841177
6.020,True,5,2,1330.256965,1330.256965,19.743035,230.256965
6.030,True,5,2,1334.680094,1334.680094,15.319906,234.680094
6.040,True,5,2,1339.110564,1339.110564,10.889436,239.110564
6.050,True,5,2,1343.548376,1343.548376,6.451624,243.548376
6.060,True,5,2,1347.993529,1347.993529,2.006471,247.993529
6.070,True,5,2,1352.446023,1352.446023,-2.446023,247.553977
6.080,True,5,2,1356.905858,1356.905858,-6.905858,243.094142
6.090,True,5,2,1361.373035,1361.373035,-11.373035,238.626965
6.100,True,5,2,1365.847553,1365.847553,-15.847553,234.152447
6.110,True,5,2,1370.329413,1370.329413,-20.329413,229.670587
6.120,True,5,2,1374.818613,1374.818613,-24.818613,225.181387
6.130,True,5,2,1379.315155,1379.315155,-29.315155,220.684845
6.140,True,5,2,1383.819038,1383.819038,-33.819038,216.180962
6.150,True,5,2,1388.330263,1388.330263,-38.330263,211.669737
6.160,True,5,2,1392.848829,1392.848829,-42.848829,207.151171
6.170,True,5,2,1397.374736,1397.374736,-47.374736,202.625264
6.180,True,5,2,1401.907984,1401.907984,-51.907984,198.092016
6.190,True,5,2,1406.448574,1406.448574,-56.448574,193.551426
6.200,True,5,2,1410.996505,1410.996505,-60.996505,189.003495
6.210,True,5,2,1415.551777,1415.551777,-65.551777,184.448223
6.220,True,5,2,1420.114391,1420.114391,-70.114391,179.885609
6.230,True,5,2,1424.684346,1424.684346,-74.684346,175.315654
6.240,True,5,2,1429.261642,1429.261642,-79.261642,170.738358
6.250,True,5,2,1433.846279,1433.846279,-83.846279,166.153721
6.260,True,5,2,1438.438258,1438.438258,-88.438258,161.561742
6.270,True,5,2,1443.037578,1443.037578,-93.037578,156.962422
6.280,True,5,2,1447.644239,1447.644239,-97.644239,152.355761
6.290,True,5,2,1452.258242,1452.258242,-102.258242,147.741758
6.300,True,5,2,1456.879586,1456.879586,-106.879586,143.120414
6.310,True,5,2,1461.508271,1461.508271,-111.508271,138.491729
6.320,True,5,2,1466.144298,1466.144298,-116.144298,133.855702
6.330,True,5,2,1470.787665,1470.787665,-120.787665,129.212335
6.340,True,5,2,1475.438374,1475.438374,-125.438374,124.561626
6.350,True,5,2,1480.096425,1480.096425,-130.096425,119.903575
6.360,True,5,2,1484.761816,1484.761816,-134.761816,115.238184
6.370,True,5,2,1489.434549,1489.434549,-139.434549,110.565451
6.380,True,5,2,1494.114624,1494.114624,-144.114624,105.885376
6.390,True,5,2,1498.802039,1498.802039,-148.802039,101.197961
6.400,True,5,2,1503.496796,1503.496796,-153.496796,96.503204
6.410,True,5,2,1508.198894,1508.198894,-158.198894,91.801106
6.420,True,5,2,1512.908334,1512.908334,-162.908334,87.091666
6.430,True,5,2,1517.625114,1517.625114,-167.625114,82.374886
6.440,True,5,2,1522.349236,1522.349236,-172.349236,77.650764
6.450,True,5,2,1527.080700,1527.080700,-177.080700,72.919300
6.460,True,5,2,1531.819504,1531.819504,-181.819504,68.180496
6.470,True,5,2,1536.565650,1536.565650,-186.565650,63.434350
6.480,True,5,2,1541.319137,1541.319137,-191.319137,58.680863
6.490,True,5,2,1546.079966,1546.079966,-196.079966,53.920034
6.500,True,5,2,1550.848136,1550.848136,-200.848136,49.151864
6.510,True,5,2,1555.623647,1555.623647,-205.623647,44.376353
6.520,True,5,2,1560.406499,1560.406499,-210.406499,39.593501
6.530,True,5,2,1565.196693,1565.196693,-215.196693,34.803307
6.540,True,5,2,1569.994228,1569.994228,-219.994228,30.005772
6.550,True,5,2,1574.799104,1574.799104,-224.799104,25.200896
6.560,True,5,2,1579.611321,1579.611321,-229.611321,20.388679
6.570,True,5,2,1584.430880,1584.430880,-234.430880,15.569120
6.580,True,5,2,1589.257780,1589.257780,-239.257780,10.742220
6.590,True,5,2,1594.092022,1594.092022,-244.092022,5.907978
6.600,True,5,2,1598.933604,1598.933604,-248.933604,1.066396
6.610,True,5 9,3,1425.584470,1425.584470,-75.584470,174.415530
6.620,True,5 9,3,1429.901150,1429.901150,-79.901150,170.098850
6.630,True,5 9,3,1434.224356,1434.224356,-84.224356,165.775644
6.640,True,5 9,3,1438.554087,1438.554087,-88.554087,161.445913
6.650,True,5 9,3,1442.890344,1442.890344,-92.890344,157.109656
6.660,True,5 9,3,1447.233127,1447.233127,-97.233127,152.766873
6.670,True,5 9,3,1451.582435,1451.582435,-101.582435,148.417565
6.680,True,5 9,3,1455.938269,1455.938269,-105.938269,144.061731
6.690,True,5 9,3,1460.300628,1460.300628,-110.300628,139.699372
6.700,True,5 9,3,1464.669513,1464.669513,-114.669513,135.330487
6.710,True,1 5,3,1101.783693,1101.783693,248.216307,1.783693
6.720,True,1 5,3,1105.070145,1105.070145,244.929855,5.070145
6.730,True,1 5,3,1108.361491,1108.361491,241.638509,8.361491
6.740,True,1 5,3,1111.657732,1111.657732,238.342268,11.657732
6.750,True,1 5,3,1114.958867,1114.958867,235.041133,14.958867
6.760,True,1 5,3,1118.264896,1118.264896,231.735104,18.264896
6.770,True,1 5,3,1121.575819,1121.575819,228.424181,21.575819
6.780,True,1 5,3,1124.891636,1124.891636,225.108364,24.891636
6.790,True,1 5,3,1128.212348,1128.212348,221.787652,28.212348
6.800,True,1 5,3,1131.537953,1131.537953,218.462047,31.537953
6.810,True,1 5,3,1134.868453,1134.868453,215.131547,34.868453
6.820,True,1 5,3,1138.203847,1138.203847,211.796153,38.203847
6.830,True,1 5,3,1141.544136,1141.544136,208.455864,41.544136
6.840,True,1 5,3,1144.889318,1144.889318,205.110682,44.889318
6.850,True,1 5,3,1148.239395,1148.239395,201.760605,48.239395
6.860,True,1 5,3,1151.594366,1151.594366,198.405634,51.594366
6.870,True,1 5,3,1154.954231,1154.954231,195.045769,54.954231
6.880,True,1 5,3,1158.318990,1158.318990,191.681010,58.318990
6.890,True,1 5,3,1161.688643,1161.688643,188.311357,61.688643
6.900,True,1 5,3,1165.063191,1165.063191,184.936809,65.063191
6.910,True,1 5,3,1168.442633,1168.442633,181.557367,68.442633
6.920,True,1 5,3,1171.826969,1171.826969,178.173031,71.826969
6.930,True,1 5,3,1175.216199,1175.216199,174.783801,75.216199
6.940,True,1 5,3,1178.610324,1178.610324,171.389676,78.610324
6.950,True,1 5,3,1182.009342,1182.009342,167.990658,82.009342
6.960,True,1 5,3,1185.413255,1185.413255,164.586745,85.413255
6.970,True,1 5,3,1188.822062,1188.822062,161.177938,88.822062
6.980,True,1 5,3,1192.235763,1192.235763,157.764237,92.235763
6.990,True,1 5,3,1195.654359,1195.654359,154.345641,95.654359
7.000,True,1 5,3,1199.077848,1199.077848,150.922152,99.077848
7.010,True,1 5,3,1202.506232,1202.506232,147.493768,102.506232
7.020,True,1 5,3,1205.939510,1205.939510,144.060490,105.939510
7.030,True,1 5,3,1209.377682,1209.377682,140.622318,109.377682
7.040,True,1 5,3,1212.820749,1212.820749,137.179251,112.820749
7.050,True,1 5,3,1216.268709,1216.268709,133.731291,116.268709
7.060,True,1 5,3,1219.721564,1219.721564,130.278436,119.721564
7.070,True,1 5,3,1223.179313,1223.179313,126.820687,123.179313
7.080,True,1 5,3,1226.641956,1226.641956,123.358044,126.641956
7.090,True,1 5,3,1230.109494,1230.109494,119.890506,130.109494
7.100,True,1 5,3,1233.581925,1233.581925,116.418075,133.581925
7.110,True,1 5,3,1237.059251,1237.059251,112.940749,137.059251
7.120,True,1 5,3,1240.541471,1240.541471,109.458529,140.541471
7.130,True,1 5,3,1244.028585,1244.028585,105.971415,144.028585
7.140,True,1 5,3,1247.520593,1247.520593,102.479407,147.520593
7.150,True,1 5,3,1251.017496,1251.017496,98.982504,151.017496
7.160,True,1 5,3,1254.519293,1254.519293,95.480707,154.519293
7.170,True,1 5,3,1258.025984,1258.025984,91.974016,158.025984
7.180,True,1 5,3,1261.537569,1261.537569,88.462431,161.537569
7.190,True,1 5,3,1265.054048,1265.054048,84.945952,165.054048
7.200,True,1 5,3,1268.575422,1268.575422,81.424578,168.575422
7.210,True,1 5,3,1272.101689,1272.101689,77.898311,172.101689
7.220,True,1 5,3,1275.632851,1275.632851,74.367149,175.632851
7.230,True,1 5,3,1279.168907,1279.168907,70.831093,179.168907
7.240,True,1 5,3,1282.709858,1282.709858,67.290142,182.709858
7.250,True,1 5,3,1286.255702,1286.255702,63.744298,186.255702
7.260,True,1 5,3,1289.806441,1289.806441,60.193559,189.806441
7.270,True,1 5,3,1293.362074,1293.362074,56.637926,193.362074
7.280,True,1 5,3,1296.922601,1296.922601,53.077399,196.922601
7.290,True,1 5,3,1300.488022,1300.488022,49.511978,200.488022
7.300,True,1 5,3,1304.058338,1304.058338,45.941662,204.058338
7.310,True,1 5,3,1307.633547,1307.633547,42.366453,207.633547
7.320,True,1 5,3,1311.213651,1311.213651,38.786349,211.213651
7.330,True,1 5,3,1314.798649,1314.798649,35.201351,214.798649
7.340,True,1 5,3,1318.388541,1318.388541,31.611459,218.388541
7.350,True,1 5,3,1321.983328,1321.983328,28.016672,221.983328
7.360,True,1 5,3,1325.583009,1325.583009,24.416991,225.583009
7.370,True,1 5,3,1329.187583,1329.187583,20.812417,229.187583
7.380,True,1 5,3,1332.797052,1332.797052,17.202948,232.797052
7.390,True,1 5,3,1336.411416,1336.411416,13.588584,236.411416
7.400,True,1 5,3,1340.030673,1340.030673,9.969327,240.030673
7.410,True,1 5,3,1343.654825,1343.654825,6.345175,243.654825
7.420,True,1 5,3,1347.283870,1347.283870,2.716130,247.283870
7.430,True,1 5,3,1350.917810,1350.917810,-0.917810,249.082190
7.440,True,1 5,3,1354.556645,1354.556645,-4.556645,245.443355
7.450,True,1 5,3,1358.200373,1358.200373,-8.200373,241.799627
7.460,True,1 5,3,1361.848996,1361.848996,-11.848996,238.151004
7.470,True,1 5,3,1365.502512,1365.502512,-15.502512,234.497488
7.480,True,1 5,3,1369.160923,1369.160923,-19.160923,230.839077
7.490,True,1 5,3,1372.824229,1372.824229,-22.824229,227.175771
7.500,True,1 5,3,1376.492428,1376.492428,-26.492428,223.507572
7.510,True,1 5,3,1380.165522,1380.165522,-30.165522,219.834478
7.520,True,1 5,3,1383.843509,1383.843509,-33.843509,216.156491
7.530,True,1 5,3,1387.526391,1387.526391,-37.526391,212.473609
7.540,True,1 5,3,1391.214167,1391.214167,-41.214167,208.785833
7.550,True,1 5,3,1394.906838,1394.906838,-44.906838,205.093162
7.560,True,1 5,3,1398.604402,1398.604402,-48.604402,201.395598
7.570,True,1 5,3,1402.306861,1402.306861,-52.306861,197.693139
7.580,True,1 5,3,1406.014214,1406.014214,-56.014214,193.985786
7.590,True,1 5,3,1409.726461,1409.726461,-59.726461,190.273539
7.600,True,1 5,3,1413.443603,1413.443603,-63.443603,186.556397
7.610,True,1 5,3,1417.165638,1417.165638,-67.165638,182.834362
7.620,True,1 5,3,1420.892568,1420.892568,-70.892568,179.107432
7.630,True,1 5,3,1424.624392,1424.624392,-74.624392,175.375608
7.640,True,1 5,3,1428.361110,1428.361110,-78.361110,171.638890
7.650,True,1 5,3,1432.102722,1432.102722,-82.102722,167.897278
7.660,True,1 5,3,1435.849229,1435.849229,-85.849229,164.150771
7.670,True,1 5,3,1439.600629,1439.600629,-89.600629,160.399371
7.680,True,1 5,3,1443.356924,1443.356924,-93.356924,156.643076
7.690,True,1 5,3,1447.118113,1447.118113,-97.118113,152.881887
7.700,True,1 5,3,1450.884197,1450.884197,-100.884197,149.115803
7.710,True,1 5,3,1454.655174,1454.655174,-104.655174,145.344826
7.720,True,1 5,3,1458.431046,1458.431046,-108.431046,141.568954
7.730,True,1 5,3,1462.211812,1462.211812,-112.211812,137.788188
7.740,True,1 5,3,1465.997472,1465.997472,-115.997472,134.002528
7.750,True,4,4,1102.341019,1102.341019,247.658981,2.341019
7.760,True,4,4,1105.187606,1105.187606,244.812394,5.187606
7.770,True,4,4,1108.037863,1108.037863,241.962137,8.037863
7.780,True,4,4,1110.891790,1110.891790,239.108210,10.891790
7.790,True,4,4,1113.749389,1113.749389,236.250611,13.749389
7.800,True,4,4,1116.610658,1116.610658,233.389342,16.610658
7.810,True,4,4,1119.475597,1119.475597,230.524403,19.475597
7.820,True,4,4,1122.344207,1122.344207,227.655793,22.344207
7.830,True,4,4,1125.216488,1125.216488,224.783512,25.216488
7.840,True,4,4,1128.092440,1128.092440,221.907560,28.092440
7.850,True,4,4,1130.972062,1130.972062,219.027938,30.972062
7.860,True,4,4,1133.855355,1133.855355,216.144645,33.855355
7.870,True,4,4,1136.742318,1136.742318,213.257682,36.742318
7.880,True,4,4,1139.632952,1139.632952,210.367048,39.632952
7.890,True,4,4,1142.527257,1142.527257,207.472743,42.527257
7.900,True,4,4,1145.425232,1145.425232,204.574768,45.425232
7.910,True,4,4,1148.326878,1148.326878,201.673122,48.326878
7.920,True,4,4,1151.232195,1151.232195,198.767805,51.232195
7.930,True,4,4,1154.141183,1154.141183,195.858817,54.141183
7.940,True,4,4,1157.053840,1157.053840,192.946160,57.053840
7.950,True,4,4,1159.970169,1159.970169,190.029831,59.970169
7.960,True,4,4,1162.890168,1162.890168,187.109832,62.890168
7.970,True,4,4,1165.813838,1165.813838,184.186162,65.813838
7.980,True,4,4,1168.741179,1168.741179,181.258821,68.741179
7.990,True,4,4,1171.672190,1171.672190,178.327810,71.672190
8.000,True,4,4,1174.606872,1174.606872,175.393128,74.606872
8.010,True,4,4,1177.545224,1177.545224,172.454776,77.545224
8.020,True,4,4,1180.487248,1180.487248,169.512752,80.487248
8.030,True,4,4,1183.432941,1183.432941,166.567059,83.432941
8.040,True,4,4,1186.382306,1186.382306,163.617694,86.382306
8.050,True,4,4,1189.335341,1189.335341,160.664659,89.335341
8.060,True,4,4,1192.292047,1192.292047,157.707953,92.292047
8.070,True,4,4,1195.252423,1195.252423,154.747577,95.252423
8.080,True,4,4,1198.216470,1198.216470,151.783530,98.216470
8.090,True,4,4,1201.184188,1201.184188,148.815812,101.184188
8.100,True,4,4,1204.155576,1204.155576,145.844424,104.155576
8.110,True,4,4,1207.130635,1207.130635,142.869365,107.130635
8.120,True,4,4,1210.109365,1210.109365,139.890635,110.109365
8.130,True,4,4,1213.091765,1213.091765,136.908235,113.091765
8.140,True,4,4,1216.077836,1216.077836,133.922164,116.077836
8.150,True,4,4,1219.067577,1219.067577,130.932423,119.067577
8.160,True,4,4,1222.060990,1222.060990,127.939010,122.060990
8.170,True,4,4,1225.058072,1225.058072,124.941928,125.058072
8.180,True,4,4,1228.058826,1228.058826,121.941174,128.058826
8.190,True,4,4,1231.063250,1231.063250,118.936750,131.063250
8.200,True,4,4,1234.071345,1234.071345,115.928655,134.071345
8.210,True,4,4,1237.083110,1237.083110,112.916890,137.083110
8.220,True,4,4,1240.098546,1240.098546,109.901454,140.098546
8.230,True,4,4,1243.117653,1243.117653,106.882347,143.117653
8.240,True,4,4,1246.140430,1246.140430,103.859570,146.140430
8.250,True,4,4,1249.166878,1249.166878,100.833122,149.166878
8.260,True,4,4,1252.196997,1252.196997,97.803003,152.196997
8.270,True,4,4,1255.230786,1255.230786,94.769214,155.230786
8.280,True,4,4,1258.268246,1258.268246,91.731754,158.268246
8.290,True,4,4,1261.309377,1261.309377,88.690623,161.309377
8.300,True,4,4,1264.354178,1264.354178,85.645822,164.354178
8.310,True,4,4,1267.402650,1267.402650,82.597350,167.402650
8.320,True,4,4,1270.454793,1270.454793,79.545207,170.454793
8.330,True,4,4,1273.510606,1273.510606,76.489394,173.510606
8.340,True,4,4,1276.570090,1276.570090,73.429910,176.570090
8.350,True,4,4,1279.633244,1279.633244,70.366756,179.633244
8.360,True,4,4,1282.700069,1282.700069,67.299931,182.700069
8.370,True,4,4,1285.770565,1285.770565,64.229435,185.770565
8.380,True,4,4,1288.844732,1288.844732,61.155268,188.844732
8.390,True,4,4,1291.922569,1291.922569,58.077431,191.922569
8.400,True,4,4,1295.004076,1295.004076,54.995924,195.004076
8.410,True,4,4,1298.089255,1298.089255,51.910745,198.089255
8.420,True,4,4,1301.178104,1301.178104,48.821896,201.178104
8.430,True,4,4,1304.270623,1304.270623,45.729377,204.270623
8.440,True,4,4,1307.366814,1307.366814,42.633186,207.366814
8.450,True,4,4,1310.466675,1310.466675,39.533325,210.466675
8.460,True,4,4,1313.570206,1313.570206,36.429794,213.570206
8.470,True,4,4,1316.677408,1316.677408,33.322592,216.677408
8.480,True,4,4,1319.788281,1319.788281,30.211719,219.788281
8.490,True,4,4,1322.902825,1322.902825,27.097175,222.902825
8.500,True,4,4,1326.021039,1326.021039,23.978961,226.021039
8.510,True,4,4,1329.142924,1329.142924,20.857076,229.142924
8.520,True,4,4,1332.268479,1332.268479,17.731521,232.268479
8.530,True,4,4,1335.397705,1335.397705,14.602295,235.397705
8.540,True,4,4,1338.530602,1338.530602,11.469398,238.530602
8.550,True,4,4,1341.667170,1341.667170,8.332830,241.667170
8.560,True,4,4,1344.807408,1344.807408,5.192592,244.807408
8.570,True,4,4,1347.951316,1347.951316,2.048684,247.951316
8.580,True,4,4,1351.098896,1351.098896,-1.098896,248.901104
8.590,True,4,4,1354.250146,1354.250146,-4.250146,245.749854
8.600,True,4,4,1357.405066,1357.405066,-7.405066,242.594934
8.610,True,4,4,1360.563658,1360.563658,-10.563658,239.436342
8.620,True,4,4,1363.725920,1363.725920,-13.725920,236.274080
8.630,True,4,4,1366.891852,1366.891852,-16.891852,233.108148
8.640,True,4,4,1370.061455,1370.061455,-20.061455,229.938545
8.650,True,4,4,1373.234729,1373.234729,-23.234729,226.765271
8.660,True,4,4,1376.411674,1376.411674,-26.411674,223.588326
8.670,True,4,4,1379.592289,1379.592289,-29.592289,220.407711
8.680,True,4,4,1382.776575,1382.776575,-32.776575,217.223425
8.690,True,4,4,1385.964531,1385.964531,-35.964531,214.035469
8.700,True,4,4,1389.156158,1389.156158,-39.156158,210.843842
8.710,True,4,4,1392.351456,1392.351456,-42.351456,207.648544
8.720,True,4,4,1395.550425,1395.550425,-45.550425,204.449575
8.730,True,4,4,1398.753064,1398.753064,-48.753064,201.246936
8.740,True,4,4,1401.959373,1401.959373,-51.959373,198.040627
8.750,True,4,4,1405.169354,1405.169354,-55.169354,194.830646
8.760,True,4,4,1408.383005,1408.383005,-58.383005,191.616995
8.770,True,4,4,1411.600326,1411.600326,-61.600326,188.399674
8.780,True,4,4,1414.821319,1414.821319,-64.821319,185.178681
8.790,True,4,4,1418.045981,1418.045981,-68.045981,181.954019
8.800,True,4,4,1421.274315,1421.274315,-71.274315,178.725685
8.810,True,4,4,1424.506319,1424.506319,-74.506319,175.493681
8.820,True,4,4,1427.741994,1427.741994,-77.741994,172.258006
8.830,True,4,4,1430.981340,1430.981340,-80.981340,169.018660
8.840,True,4,4,1434.224356,1434.224356,-84.224356,165.775644
8.850,True,4,4,1437.471043,1437.471043,-87.471043,162.528957
8.860,True,4,4,1440.721400,1440.721400,-90.721400,159.278600
8.870,True,4,4,1443.975428,1443.975428,-93.975428,156.024572
8.880,True,4,4,1447.233127,1447.233127,-97.233127,152.766873
8.890,True,4,4,1450.494496,1450.494496,-100.494496,149.505504
8.900,True,4,4,1453.759536,1453.759536,-103.759536,146.240464
8.910,True,4,4,1457.028247,1457.028247,-107.028247,142.971753
8.920,True,4,4,1460.300628,1460.300628,-110.300628,139.699372
8.930,True,4,4,1463.576680,1463.576680,-113.576680,136.423320
8.940,True,4,4,1466.856403,1466.856403,-116.856403,133.143597
8.950,True,4,4,1470.139796,1470.139796,-120.139796,129.860204
8.960,True,4,4,1473.426860,1473.426860,-123.426860,126.573140
8.970,True,4,4,1476.717595,1476.717595,-126.717595,123.282405
8.980,True,4,4,1480.012000,1480.012000,-130.012000,119.988000
8.990,True,4,4,1483.310076,1483.310076,-133.310076,116.689924
9.000,True,4,4,1486.611822,1486.611822,-136.611822,113.388178
9.010,True,4,4,1489.917239,1489.917239,-139.917239,110.082761
9.020,True,4,4,1493.226327,1493.226327,-143.226327,106.773673
9.030,True,4,4,1496.539086,1496.539086,-146.539086,103.460914
9.040,True,4,4,1499.855515,1499.855515,-149.855515,100.144485
9.050,True,4,4,1503.175614,1503.175614,-153.175614,96.824386
9.060,True,4,4,1506.499385,1506.499385,-156.499385,93.500615
9.070,True,4,4,1509.826826,1509.826826,-159.826826,90.173174
9.080,True,4,4,1513.157938,1513.157938,-163.157938,86.842062
9.090,True,4,4,1516.492720,1516.492720,-166.492720,83.507280
9.100,True,4,4,1519.831173,1519.831173,-169.831173,80.168827
9.110,True,4,4,1523.173296,1523.173296,-173.173296,76.826704
9.120,True,4,4,1526.519091,1526.519091,-176.519091,73.480909
9.130,True,4,4,1529.868556,1529.868556,-179.868556,70.131444
9.140,True,4,4,1533.221691,1533.221691,-183.221691,66.778309
9.150,True,4,4,1536.578497,1536.578497,-186.578497,63.421503
9.160,True,4,4,1539.938974,1539.938974,-189.938974,60.061026
9.170,True,4,4,1543.303122,1543.303122,-193.303122,56.696878
9.180,True,4,4,1546.670940,1546.670940,-196.670940,53.329060
9.190,True,4,4,1550.042429,1550.042429,-200.042429,49.957571
9.200,True,4,4,1553.417588,1553.417588,-203.417588,46.582412
9.210,True,4,4,1556.796418,1556.796418,-206.796418,43.203582
9.220,True,4,4,1560.178919,1560.178919,-210.178919,39.821081
9.230,True,4,4,1563.565090,1563.565090,-213.565090,36.434910
9.240,True,4,4,1566.954932,1566.954932,-216.954932,33.045068
9.250,True,4,4,1570.348445,1570.348445,-220.348445,29.651555
9.260,True,4,4,1573.745628,1573.745628,-223.745628,26.254372
9.270,True,4,4,1577.146482,1577.146482,-227.146482,22.853518
9.280,True,4,4,1580.551007,1580.551007,-230.551007,19.448993
9.290,True,4,4,1583.959202,1583.959202,-233.959202,16.040798
9.300,True,4,4,1587.371068,1587.371068,-237.371068,12.628932
9.310,True,4,4,1590.786605,1590.786605,-240.786605,9.213395
9.320,True,4,4,1594.205812,1594.205812,-244.205812,5.794188
9.330,True,4,4,1597.628690,1597.628690,-247.628690,2.371310
9.340,True,1 4,5,1280.844190,1280.844190,69.155810,180.844190
9.350,True,1 4,5,1283.588366,1283.588366,66.411634,183.588366
9.360,True,1 4,5,1286.335478,1286.335478,63.664522,186.335478
9.370,True,1 4,5,1289.085526,1289.085526,60.914474,189.085526
9.380,True,1 4,5,1291.838511,1291.838511,58.161489,191.838511
9.390,True,1 4,5,1294.594432,1294.594432,55.405568,194.594432
9.400,True,1 4,5,1297.353290,1297.353290,52.646710,197.353290
9.410,True,1 4,5,1300.115084,1300.115084,49.884916,200.115084
9.420,True,1 4,5,1302.879815,1302.879815,47.120185,202.879815
9.430,True,1 4,5,1305.647483,1305.647483,44.352517,205.647483
9.440,True,1 4,5,1308.418087,1308.418087,41.581913,208.418087
9.450,True,1 4,5,1311.191627,1311.191627,38.808373,211.191627
9.460,True,1 4,5,1313.968104,1313.968104,36.031896,213.968104
9.470,True,1 4,5,1316.747518,1316.747518,33.252482,216.747518
9.480,True,1 4,5,1319.529868,1319.529868,30.470132,219.529868
9.490,True,1 4,5,1322.315154,1322.315154,27.684846,222.315154
9.500,True,1 4,5,1325.103377,1325.103377,24.896623,225.103377
9.510,True,1 4,5,1327.894537,1327.894537,22.105463,227.894537
9.520,True,1 4,5,1330.688633,1330.688633,19.311367,230.688633
9.530,True,1 4,5,1333.485666,1333.485666,16.514334,233.485666
9.540,True,1 4,5,1336.285635,1336.285635,13.714365,236.285635
9.550,True,1 4,5,1339.088540,1339.088540,10.911460,239.088540
9.560,True,1 4,5,1341.894383,1341.894383,8.105617,241.894383
9.570,True,1 4,5,1344.703161,1344.703161,5.296839,244.703161
9.580,True,1 4,5,1347.514877,1347.514877,2.485123,247.514877
9.590,True,1 4,5,1350.329528,1350.329528,-0.329528,249.670472
9.600,True,1 4,5,1353.147116,1353.147116,-3.147116,246.852884
9.610,True,1 4,5,1355.967641,1355.967641,-5.967641,244.032359
9.620,True,1 4,5,1358.791102,1358.791102,-8.791102,241.208898
9.630,True,1 4,5,1361.617500,1361.617500,-11.617500,238.382500
9.640,True,1 4,5,1364.446835,1364.446835,-14.446835,235.553165
9.650,True,1 4,5,1367.279105,1367.279105,-17.279105,232.720895
9.660,True,1 4,5,1370.114313,1370.114313,-20.114313,229.885687
9.670,True,1 4,5,1372.952457,1372.952457,-22.952457,227.047543
9.680,True,1 4,5,1375.793537,1375.793537,-25.793537,224.206463
9.690,True,1 4,5,1378.637554,1378.637554,-28.637554,221.362446
9.700,True,1 4,5,1381.484507,1381.484507,-31.484507,218.515493
9.710,True,1 4,5,1384.334397,1384.334397,-34.334397,215.665603
9.720,True,1 4,5,1387.187224,1387.187224,-37.187224,212.812776
9.730,True,1 4,5,1390.042987,1390.042987,-40.042987,209.957013
9.740,True,1 4,5,1392.901686,1392.901686,-42.901686,207.098314
9.750,True,1 4,5,1395.763322,1395.763322,-45.763322,204.236678
9.760,True,1 4,5,1398.627895,1398.627895,-48.627895,201.372105
9.770,True,1 4,5,1401.495404,1401.495404,-51.495404,198.504596
9.780,True,1 4,5,1404.365849,1404.365849,-54.365849,195.634151
9.790,True,1 4,5,1407.239231,1407.239231,-57.239231,192.760769
9.800,True,1 4,5,1410.115550,1410.115550,-60.115550,189.884450
9.810,True,1 4,5,1412.994805,1412.994805,-62.994805,187.005195
9.820,True,1 4,5,1415.876996,1415.876996,-65.876996,184.123004
9.830,True,1 4,5,1418.762125,1418.762125,-68.762125,181.237875
9.840,True,1 4,5,1421.650189,1421.650189,-71.650189,178.349811
9.850,True,1 4,5,1424.541190,1424.541190,-74.541190,175.458810
9.860,True,1 4,5,1427.435128,1427.435128,-77.435128,172.564872
9.870,True,1 4,5,1430.332002,1430.332002,-80.332002,169.667998
9.880,True,1 4,5,1433.231813,1433.231813,-83.231813,166.768187
9.890,True,1 4,5,1436.134560,1436.134560,-86.134560,163.865440
9.900,True,1 4,5,1439.040244,1439.040244,-89.040244,160.959756
9.910,True,1 4,5,1441.948864,1441.948864,-91.948864,158.051136
9.920,True,1 4,5,1444.860421,1444.860421,-94.860421,155.139579
9.930,True,1 4,5,1447.774914,1447.774914,-97.774914,152.225086
9.940,True,1 4,5,1450.692344,1450.692344,-100.692344,149.307656
9.950,True,1 4,5,1453.612710,1453.612710,-103.612710,146.387290
9.960,True,1 4,5,1456.536013,1456.536013,-106.536013,143.463987
9.970,True,1 4,5,1459.462253,1459.462253,-109.462253,140.537747
9.980,True,1 4,5,1462.391429,1462.391429,-112.391429,137.608571
9.990,True,1 4,5,1465.323541,1465.323541,-115.323541,134.676459
10.000,True,1 4,5,1468.258590,1468.258590,-118.258590,131.741410
10.010,True,1 4,5,1471.196575,1471.196575,-121.196575,128.803425
10.020,True,1 4,5,1474.137497,1474.137497,-124.137497,125.862503
10.030,True,1 4,5,1477.081356,1477.081356,-127.081356,122.918644
10.040,True,1 4,5,1480.028151,1480.028151,-130.028151,119.971849
10.050,True,1 4,5,1482.977882,1482.977882,-132.977882,117.022118
10.060,True,1 4,5,1485.930550,1485.930550,-135.930550,114.069450
10.070,True,1 4,5,1488.886155,1488.886155,-138.886155,111.113845
10.080,True,1 4,5,1491.844696,1491.844696,-141.844696,108.155304
10.090,True,1 4,5,1494.806173,1494.806173,-144.806173,105.193827
10.100,True,1 4,5,1497.770588,1497.770588,-147.770588,102.229412
10.110,True,1 4,5,1500.737938,1500.737938,-150.737938,99.262062
10.120,True,1 4,5,1503.708225,1503.708225,-153.708225,96.291775
10.130,True,1 4,5,1506.681449,1506.681449,-156.681449,93.318551
10.140,True,1 4,5,1509.657609,1509.657609,-159.657609,90.342391
10.150,True,1 4,5,1512.636706,1512.636706,-162.636706,87.363294
10.160,True,1 4,5,1515.618739,1515.618739,-165.618739,84.381261
10.170,True,1 4,5,1518.603709,1518.603709,-168.603709,81.396291
10.180,True,1 4,5,1521.591615,1521.591615,-171.591615,78.408385
10.190,True,1 4,5,1524.582458,1524.582458,-174.582458,75.417542
10.200,True,1 4,5,1527.576237,1527.576237,-177.576237,72.423763
10.210,True,1 4,5,1530.572953,1530.572953,-180.572953,69.427047
10.220,True,1 4,5,1533.572605,1533.572605,-183.572605,66.427395
10.230,True,1 4,5,1536.575194,1536.575194,-186.575194,63.424806
10.240,True,1 4,5,1539.580719,1539.580719,-189.580719,60.419281
10.250,True,1 4,5,1542.589181,1542.589181,-192.589181,57.410819
10.260,True,1 4,5,1545.600579,1545.600579,-195.600579,54.399421
10.270,True,1 4,5,1548.614914,1548.614914,-198.614914,51.385086
10.280,True,1 4,5,1551.632186,1551.632186,-201.632186,48.367814
10.290,True,1 4,5,1554.652394,1554.652394,-204.652394,45.347606
10.300,True,1 4,5,1557.675538,1557.675538,-207.675538,42.324462
10.310,True,1 4,5,1560.701619,1560.701619,-210.701619,39.298381
10.320,True,1 4,5,1563.730636,1563.730636,-213.730636,36.269364
10.330,True,1 4,5,1566.762590,1566.762590,-216.762590,33.237410
10.340,True,1 4,5,1569.797481,1569.797481,-219.797481,30.202519
10.350,True,1 4,5,1572.835308,1572.835308,-222.835308,27.164692
10.360,True,1 4,5,1575.876072,1575.876072,-225.876072,24.123928
10.370,True,1 4,5,1578.919772,1578.919772,-228.919772,21.080228
10.380,True,1 4,5,1581.966408,1581.966408,-231.966408,18.033592
10.390,True,1 4,5,1585.015981,1585.015981,-235.015981,14.984019
10.400,True,1 4,5,1588.068491,1588.068491,-238.068491,11.931509
10.410,True,1 4,5,1591.123937,1591.123937,-241.123937,8.876063
10.420,True,1 4,5,1594.182320,1594.182320,-244.182320,5.817680
10.430,True,1 4,5,1597.243639,1597.243639,-247.243639,2.756361
10.440,True,4 5,6,1333.589912,1333.589912,16.410088,233.589912
10.450,True,4 5,6,1336.145906,1336.145906,13.854094,236.145906
10.460,True,4 5,6,1338.704346,1338.704346,11.295654,238.704346
10.470,True,4 5,6,1341.265234,1341.265234,8.734766,241.265234
10.480,True,4 5,6,1343.828569,1343.828569,6.171431,243.828569
10.490,True,4 5,6,1346.394350,1346.394350,3.605650,246.394350
10.500,True,4 5,6,1348.962579,1348.962579,1.037421,248.962579
10.510,True,4 5,6,1351.533256,1351.533256,-1.533256,248.466744
10.520,True,4 5,6,1354.106379,1354.106379,-4.106379,245.893621
10.530,True,4 5,6,1356.681949,1356.681949,-6.681949,243.318051
10.540,True,4 5,6,1359.259966,1359.259966,-9.259966,240.740034
10.550,True,4 5,6,1361.840431,1361.840431,-11.840431,238.159569
10.560,True,4 5,6,1364.423342,1364.423342,-14.423342,235.576658
10.570,True,4 5,6,1367.008701,1367.008701,-17.008701,232.991299
10.580,True,4 5,6,1369.596507,1369.596507,-19.596507,230.403493
10.590,True,4 5,6,1372.186760,1372.186760,-22.186760,227.813240
10.600,True,4 5,6,1374.779460,1374.779460,-24.779460,225.220540
10.610,True,4 5,6,1377.374607,1377.374607,-27.374607,222.625393
10.620,True,4 5,6,1379.972201,1379.972201,-29.972201,220.027799
10.630,True,4 5,6,1382.572242,1382.572242,-32.572242,217.427758
10.640,True,4 5,6,1385.174730,1385.174730,-35.174730,214.825270
10.650,True,4 5,6,1387.779666,1387.779666,-37.779666,212.220334
10.660,True,4 5,6,1390.387048,1390.387048,-40.387048,209.612952
10.670,True,4 5,6,1392.996878,1392.996878,-42.996878,207.003122
10.680,True,4 5,6,1395.609155,1395.609155,-45.609155,204.390845
10.690,True,4 5,6,1398.223879,1398.223879,-48.223879,201.776121
10.700,True,4 5,6,1400.841050,1400.841050,-50.841050,199.158950
10.710,True,4 5,6,1403.460668,1403.460668,-53.460668,196.539332
10.720,True,4 5,6,1406.082733,1406.082733,-56.082733,193.917267
10.730,True,4 5,6,1408.707245,1408.707245,-58.707245,191.292755
10.740,True,4 5,6,1411.334204,1411.334204,-61.334204,188.665796
10.750,True,4 5,6,1413.963611,1413.963611,-63.963611,186.036389
10.760,True,4 5,6,1416.595464,1416.595464,-66.595464,183.404536
10.770,True,4 5,6,1419.229765,1419.229765,-69.229765,180.770235
10.780,True,4 5,6,1421.866513,1421.866513,-71.866513,178.133487
10.790,True,4 5,6,1424.505707,1424.505707,-74.505707,175.494293
10.800,True,4 5,6,1427.147349,1427.147349,-77.147349,172.852651
10.810,True,4 5,6,1429.791438,1429.791438,-79.791438,170.208562
10.820,True,4 5,6,1432.437975,1432.437975,-82.437975,167.562025
10.830,True,4 5,6,1435.086958,1435.086958,-85.086958,164.913042
10.840,True,4 5,6,1437.738388,1437.738388,-87.738388,162.261612
10.850,True,4 5,6,1440.392265,1440.392265,-90.392265,159.607735
10.860,True,4 5,6,1443.048590,1443.048590,-93.048590,156.951410
10.870,True,4 5,6,1445.707362,1445.707362,-95.707362,154.292638
10.880,True,4 5,6,1448.368580,1448.368580,-98.368580,151.631420
10.890,True,4 5,6,1451.032246,1451.032246,-101.032246,148.967754
10.900,True,4 5,6,1453.698359,1453.698359,-103.698359,146.301641
10.910,True,4 5,6,1456.366919,1456.366919,-106.366919,143.633081
10.920,True,4 5,6,1459.037926,1459.037926,-109.037926,140.962074
10.930,True,4 5,6,1461.711380,1461.711380,-111.711380,138.288620
10.940,True,4 5,6,1464.387281,1464.387281,-114.387281,135.612719
10.950,True,2,8,1100.299222,1100.299222,249.700778,0.299222
10.960,True,2,8,1102.309819,1102.309819,247.690181,2.309819
10.970,True,2,8,1104.322251,1104.322251,245.677749,4.322251
10.980,True,2,8,1106.336518,1106.336518,243.663482,6.336518
10.990,True,2,8,1108.352621,1108.352621,241.647379,8.352621
11.000,True,2,8,1110.370559,1110.370559,239.629441,10.370559
11.010,True,2,8,1112.390332,1112.390332,237.609668,12.390332
11.020,True,2,8,1114.411940,1114.411940,235.588060,14.411940
11.030,True,2,8,1116.435384,1116.435384,233.564616,16.435384
11.040,True,2,8,1118.460663,1118.460663,231.539337,18.460663
11.050,True,2,8,1120.487778,1120.487778,229.512222,20.487778
11.060,True,2,8,1122.516728,1122.516728,227.483272,22.516728
11.070,True,2,8,1124.547513,1124.547513,225.452487,24.547513
11.080,True,2,8,1126.580133,1126.580133,223.419867,26.580133
11.090,True,2,8,1128.614589,1128.614589,221.385411,28.614589
11.100,True,2,8,1130.650880,1130.650880,219.349120,30.650880
11.110,True,2,8,1132.689007,1132.689007,217.310993,32.689007
11.120,True,2,8,1134.728969,1134.728969,215.271031,34.728969
11.130,True,2,8,1136.770766,1136.770766,213.229234,36.770766
11.140,True,2,8,1138.814398,1138.814398,211.185602,38.814398
11.150,True,2,8,1140.859866,1140.859866,209.140134,40.859866
11.160,True,2,8,1142.907169,1142.907169,207.092831,42.907169
11.170,True,2,8,1144.956307,1144.956307,205.043693,44.956307
11.180,True,2,8,1147.007281,1147.007281,202.992719,47.007281
11.190,True,2,8,1149.060090,1149.060090,200.939910,49.060090
11.200,True,2,8,1151.114734,1151.114734,198.885266,51.114734
11.210,True,2,8,1153.171214,1153.171214,196.828786,53.171214
11.220,True,2,8,1155.229529,1155.229529,194.770471,55.229529
11.230,True,2,8,1157.289680,1157.289680,192.710320,57.289680
11.240,True,2,8,1159.351665,1159.351665,190.648335,59.351665
11.250,True,2,8,1161.415486,1161.415486,188.584514,61.415486
11.260,True,2,8,1163.481142,1163.481142,186.518858,63.481142
11.270,True,2,8,1165.548634,1165.548634,184.451366,65.548634
11.280,True,2,8,1167.617961,1167.617961,182.382039,67.617961
11.290,True,2,8,1169.689123,1169.689123,180.310877,69.689123
11.300,True,2,8,1171.762121,1171.762121,178.237879,71.762121
11.310,True,2,8,1173.836954,1173.836954,176.163046,73.836954
11.320,True,2,8,1175.913622,1175.913622,174.086378,75.913622
11.330,True,2,8,1177.992126,1177.992126,172.007874,77.992126
11.340,True,2,8,1180.072465,1180.072465,169.927535,80.072465
11.350,True,2,8,1182.154639,1182.154639,167.845361,82.154639
11.360,True,2,8,1184.238648,1184.238648,165.761352,84.238648
11.370,True,2,8,1186.324493,1186.324493,163.675507,86.324493
11.380,True,2,8,1188.412173,1188.412173,161.587827,88.412173
11.390,True,2,8,1190.501689,1190.501689,159.498311,90.501689
11.400,True,2,8,1192.593040,1192.593040,157.406960,92.593040
11.410,True,2,8,1194.686226,1194.686226,155.313774,94.686226
11.420,True,2,8,1196.781247,1196.781247,153.218753,96.781247
11.430,True,2,8,1198.878104,1198.878104,151.121896,98.878104
11.440,True,2,8,1200.976796,1200.976796,149.023204,100.976796
11.450,True,2,8,1203.077324,1203.077324,146.922676,103.077324
11.460,True,2,8,1205.179686,1205.179686,144.820314,105.179686
11.470,True,2,8,1207.283885,1207.283885,142.716115,107.283885
11.480,True,2,8,1209.389918,1209.389918,140.610082,109.389918
11.490,True,2,8,1211.497787,1211.497787,138.502213,111.497787
11.500,True,2,8,1213.607491,1213.607491,136.392509,113.607491
11.510,True,2,8,1215.719030,1215.719030,134.280970,115.719030
11.520,True,2,8,1217.832405,1217.832405,132.167595,117.832405
11.530,True,2,8,1219.947615,1219.947615,130.052385,119.947615
11.540,True,2,8,1222.064660,1222.064660,127.935340,122.064660
11.550,True,2,8,1224.183541,1224.183541,125.816459,124.183541
11.560,True,2,8,1226.304257,1226.304257,123.695743,126.304257
11.570,True,2,8,1228.426808,1228.426808,121.573192,128.426808
11.580,True,2,8,1230.551195,1230.551195,119.448805,130.551195
11.590,True,2,8,1232.677417,1232.677417,117.322583,132.677417
11.600,True,2,8,1234.805474,1234.805474,115.194526,134.805474
11.610,True,2,8,1236.935367,1236.935367,113.064633,136.935367
11.620,True,2,8,1239.067095,1239.067095,110.932905,139.067095
11.630,True,2,8,1241.200658,1241.200658,108.799342,141.200658
11.640,True,2,8,1243.336057,1243.336057,106.663943,143.336057
11.650,True,2,8,1245.473290,1245.473290,104.526710,145.473290
11.660,True,2,8,1247.612360,1247.612360,102.387640,147.612360
11.670,True,2,8,1249.753264,1249.753264,100.246736,149.753264
11.680,True,2,8,1251.896004,1251.896004,98.103996,151.896004
11.690,True,2,8,1254.040579,1254.040579,95.959421,154.040579
11.700,True,2,8,1256.186990,1256.186990,93.813010,156.186990
11.710,True,2,8,1258.335236,1258.335236,91.664764,158.335236
11.720,True,2,8,1260.485317,1260.485317,89.514683,160.485317
11.730,True,2,8,1262.637233,1262.637233,87.362767,162.637233
11.740,True,2,8,1264.790985,1264.790985,85.209015,164.790985
11.750,True,2,8,1266.946572,1266.946572,83.053428,166.946572
11.760,True,2,8,1269.103995,1269.103995,80.896005,169.103995
11.770,True,2,8,1271.263253,1271.263253,78.736747,171.263253
11.780,True,2,8,1273.424346,1273.424346,76.575654,173.424346
11.790,True,2,8,1275.587274,1275.587274,74.412726,175.587274
11.800,True,2,8,1277.752038,1277.752038,72.247962,177.752038
11.810,True,2,8,1279.918637,1279.918637,70.081363,179.918637
11.820,True,2,8,1282.087071,1282.087071,67.912929,182.087071
11.830,True,2,8,1284.257341,1284.257341,65.742659,184.257341
11.840,True,2,8,1286.429446,1286.429446,63.570554,186.429446
11.850,True,2,8,1288.603387,1288.603387,61.396613,188.603387
11.860,True,2,8,1290.779162,1290.779162,59.220838,190.779162
11.870,True,2,8,1292.956773,1292.956773,57.043227,192.956773
11.880,True,2,8,1295.136220,1295.136220,54.863780,195.136220
11.890,True,2,8,1297.317501,1297.317501,52.682499,197.317501
11.900,True,2,8,1299.500618,1299.500618,50.499382,199.500618
11.910,True,2,8,1301.685571,1301.685571,48.314429,201.685571
11.920,True,2,8,1303.872358,1303.872358,46.127642,203.872358
11.930,True,2,8,1306.060981,1306.060981,43.939019,206.060981
11.940,True,2,8,1308.251439,1308.251439,41.748561,208.251439
11.950,True,2,8,1310.443733,1310.443733,39.556267,210.443733
11.960,True,2,8,1312.637862,1312.637862,37.362138,212.637862
11.970,True,2,8,1314.833826,1314.833826,35.166174,214.833826
11.980,True,2,8,1317.031626,1317.031626,32.968374,217.031626
11.990,True,2,8,1319.231261,1319.231261,30.768739,219.231261
12.000,True,2,8,1321.432731,1321.432731,28.567269,221.432731
12.010,True,2,8,1323.636036,1323.636036,26.363964,223.636036
12.020,True,2,8,1325.841177,1325.841177,24.158823,225.841177
12.030,True,2,8,1328.048154,1328.048154,21.951846,228.048154
12.040,True,2,8,1330.256965,1330.256965,19.743035,230.256965
12.050,True,2,8,1332.467612,1332.467612,17.532388,232.467612
12.060,True,2,8,1334.680094,1334.680094,15.319906,234.680094
12.070,True,2,8,1336.894412,1336.894412,13.105588,236.894412
12.080,True,2,8,1339.110564,1339.110564,10.889436,239.110564
12.090,True,2,8,1341.328552,1341.328552,8.671448,241.328552
12.100,True,2,8,1343.548376,1343.548376,6.451624,243.548376
12.110,True,2,8,1345.770035,1345.770035,4.229965,245.770035
12.120,True,2,8,1347.993529,1347.993529,2.006471,247.993529
12.130,True,2,8,1350.218858,1350.218858,-0.218858,249.781142
12.140,True,2,8,1352.446023,1352.446023,-2.446023,247.553977
12.150,True,2,8,1354.675023,1354.675023,-4.675023,245.324977
12.160,True,2,8,1356.905858,1356.905858,-6.905858,243.094142
12.170,True,2,8,1359.138529,1359.138529,-9.138529,240.861471
12.180,True,2,8,1361.373035,1361.373035,-11.373035,238.626965
12.190,True,2,8,1363.609377,1363.609377,-13.609377,236.390623
12.200,True,2,8,1365.847553,1365.847553,-15.847553,234.152447
12.210,True,2,8,1368.087565,1368.087565,-18.087565,231.912435
12.220,True,2,8,1370.329413,1370.329413,-20.329413,229.670587
12.230,True,2,8,1372.573095,1372.573095,-22.573095,227.426905
12.240,True,2,8,1374.818613,1374.818613,-24.818613,225.181387
12.250,True,2,8,1377.065967,1377.065967,-27.065967,222.934033
12.260,True,2,8,1379.315155,1379.315155,-29.315155,220.684845
12.270,True,2,8,1381.566179,1381.566179,-31.566179,218.433821
12.280,True,2,8,1383.819038,1383.819038,-33.819038,216.180962
12.290,True,2,8,1386.073733,1386.073733,-36.073733,213.926267
12.300,True,2,8,1388.330263,1388.330263,-38.330263,211.669737
12.310,True,2,8,1390.588628,1390.588628,-40.588628,209.411372
12.320,True,2,8,1392.848829,1392.848829,-42.848829,207.151171
12.330,True,2,8,1395.110865,1395.110865,-45.110865,204.889135
12.340,True,2,8,1397.374736,1397.374736,-47.374736,202.625264
12.350,True,2,8,1399.640442,1399.640442,-49.640442,200.359558
12.360,True,2,8,1401.907984,1401.907984,-51.907984,198.092016
12.370,True,2,8,1404.177361,1404.177361,-54.177361,195.822639
12.380,True,2,8,1406.448574,1406.448574,-56.448574,193.551426
12.390,True,2,8,1408.721622,1408.721622,-58.721622,191.278378
12.400,True,2,8,1410.996505,1410.996505,-60.996505,189.003495
12.410,True,2,8,1413.273223,1413.273223,-63.273223,186.726777
12.420,True,2,8,1415.551777,1415.551777,-65.551777,184.448223
12.430,True,2,8,1417.832166,1417.832166,-67.832166,182.167834
12.440,True,2,8,1420.114391,1420.114391,-70.114391,179.885609
12.450,True,2,8,1422.398451,1422.398451,-72.398451,177.601549
12.460,True,2,8,1424.684346,1424.684346,-74.684346,175.315654
12.470,True,2,8,1426.972076,1426.972076,-76.972076,173.027924
12.480,True,2,8,1429.261642,1429.261642,-79.261642,170.738358
12.490,True,2,8,1431.553043,1431.553043,-81.553043,168.446957
12.500,True,2,8,1433.846279,1433.846279,-83.846279,166.153721
12.510,True,2,8,1436.141351,1436.141351,-86.141351,163.858649
12.520,True,2,8,1438.438258,1438.438258,-88.438258,161.561742
12.530,True,2,8,1440.737000,1440.737000,-90.737000,159.263000
12.540,True,2,8,1443.037578,1443.037578,-93.037578,156.962422
12.550,True,2,8,1445.339991,1445.339991,-95.339991,154.660009
12.560,True,2,8,1447.644239,1447.644239,-97.644239,152.355761
12.570,True,2,8,1449.950323,1449.950323,-99.950323,150.049677
12.580,True,2,8,1452.258242,1452.258242,-102.258242,147.741758
12.590,True,2,8,1454.567996,1454.567996,-104.567996,145.432004
12.600,True,2,8,1456.879586,1456.879586,-106.879586,143.120414
12.610,True,2,8,1459.193011,1459.193011,-109.193011,140.806989
12.620,True,2,8,1461.508271,1461.508271,-111.508271,138.491729
12.630,True,2,8,1463.825367,1463.825367,-113.825367,136.174633
12.640,True,2,8,1466.144298,1466.144298,-116.144298,133.855702
12.650,True,2,8,1468.465064,1468.465064,-118.465064,131.534936
12.660,True,2,8,1470.787665,1470.787665,-120.787665,129.212335
12.670,True,2,8,1473.112102,1473.112102,-123.112102,126.887898
12.680,True,2,8,1475.438374,1475.438374,-125.438374,124.561626
12.690,True,2,8,1477.766482,1477.766482,-127.766482,122.233518
12.700,True,2,8,1480.096425,1480.096425,-130.096425,119.903575
12.710,True,2,8,1482.428203,1482.428203,-132.428203,117.571797
12.720,True,2,8,1484.761816,1484.761816,-134.761816,115.238184
12.730,True,2,8,1487.097265,1487.097265,-137.097265,112.902735
12.740,True,2,8,1489.434549,1489.434549,-139.434549,110.565451
12.750,True,2,8,1491.773669,1491.773669,-141.773669,108.226331
12.760,True,2,8,1494.114624,1494.114624,-144.114624,105.885376
12.770,True,2,8,1496.457414,1496.457414,-146.457414,103.542586
12.780,True,2,8,1498.802039,1498.802039,-148.802039,101.197961
12.790,True,2,8,1501.148500,1501.148500,-151.148500,98.851500
12.800,True,2,8,1503.496796,1503.496796,-153.496796,96.503204
12.810,True,2,8,1505.846927,1505.846927,-155.846927,94.153073
12.820,True,2,8,1508.198894,1508.198894,-158.198894,91.801106
12.830,True,2,8,1510.552696,1510.552696,-160.552696,89.447304
12.840,True,2,8,1512.908334,1512.908334,-162.908334,87.091666
12.850,True,2,8,1515.265806,1515.265806,-165.265806,84.734194
12.860,True,2,8,1517.625114,1517.625114,-167.625114,82.374886
12.870,True,2,8,1519.986258,1519.986258,-169.986258,80.013742
12.880,True,2,8,1522.349236,1522.349236,-172.349236,77.650764
12.890,True,2,8,1524.714050,1524.714050,-174.714050,75.285950
12.900,True,2,8,1527.080700,1527.080700,-177.080700,72.919300
12.910,True,2,8,1529.449184,1529.449184,-179.449184,70.550816
12.920,True,2,8,1531.819504,1531.819504,-181.819504,68.180496
12.930,True,2,8,1534.191660,1534.191660,-184.191660,65.808340
12.940,True,2,8,1536.565650,1536.565650,-186.565650,63.434350
12.950,True,2,8,1538.941476,1538.941476,-188.941476,61.058524
12.960,True,2,8,1541.319137,1541.319137,-191.319137,58.680863
12.970,True,2,8,1543.698634,1543.698634,-193.698634,56.301366
12.980,True,2,8,1546.079966,1546.079966,-196.079966,53.920034
12.990,True,2,8,1548.463133,1548.463133,-198.463133,51.536867
13.000,True,2,8,1550.848136,1550.848136,-200.848136,49.151864
13.010,True,2,8,1553.234973,1553.234973,-203.234973,46.765027
13.020,True,2,8,1555.623647,1555.623647,-205.623647,44.376353
13.030,True,2,8,1558.014155,1558.014155,-208.014155,41.985845
13.040,True,2,8,1560.406499,1560.406499,-210.406499,39.593501
13.050,True,2,8,1562.800678,1562.800678,-212.800678,37.199322
13.060,True,2,8,1565.196693,1565.196693,-215.196693,34.803307
13.070,True,2,8,1567.594542,1567.594542,-217.594542,32.405458
13.080,True,2,8,1569.994228,1569.994228,-219.994228,30.005772
13.090,True,2,8,1572.395748,1572.395748,-222.395748,27.604252
13.100,True,2,8,1574.799104,1574.799104,-224.799104,25.200896
13.110,True,2,8,1577.204295,1577.204295,-227.204295,22.795705
13.120,True,2,8,1579.611321,1579.611321,-229.611321,20.388679
13.130,True,2,8,1582.020183,1582.020183,-232.020183,17.979817
13.140,True,2,8,1584.430880,1584.430880,-234.430880,15.569120
13.150,True,2,8,1586.843413,1586.843413,-236.843413,13.156587
13.160,True,2,8,1589.257780,1589.257780,-239.257780,10.742220
13.170,True,2,8,1591.673983,1591.673983,-241.673983,8.326017
13.180,True,2,8,1594.092022,1594.092022,-244.092022,5.907978
13.190,True,2,8,1596.511895,1596.511895,-246.511895,3.488105
13.200,True,2,8,1598.933604,1598.933604,-248.933604,1.066396
13.210,True,1 2,9,1423.428577,1423.428577,-73.428577,176.571423
13.220,True,1 2,9,1425.584470,1425.584470,-75.584470,174.415530
13.230,True,1 2,9,1427.741994,1427.741994,-77.741994,172.258006
13.240,True,1 2,9,1429.901150,1429.901150,-79.901150,170.098850
13.250,True,1 2,9,1432.061937,1432.061937,-82.061937,167.938063
13.260,True,1 2,9,1434.224356,1434.224356,-84.224356,165.775644
13.270,True,1 2,9,1436.388406,1436.388406,-86.388406,163.611594
13.280,True,1 2,9,1438.554087,1438.554087,-88.554087,161.445913
13.290,True,1 2,9,1440.721400,1440.721400,-90.721400,159.278600
13.300,True,1 2,9,1442.890344,1442.890344,-92.890344,157.109656
13.310,True,1 2,9,1445.060920,1445.060920,-95.060920,154.939080
13.320,True,1 2,9,1447.233127,1447.233127,-97.233127,152.766873
13.330,True,1 2,9,1449.406965,1449.406965,-99.406965,150.593035
13.340,True,1 2,9,1451.582435,1451.582435,-101.582435,148.417565
13.350,True,1 2,9,1453.759536,1453.759536,-103.759536,146.240464
13.360,True,1 2,9,1455.938269,1455.938269,-105.938269,144.061731
13.370,True,1 2,9,1458.118633,1458.118633,-108.118633,141.881367
13.380,True,1 2,9,1460.300628,1460.300628,-110.300628,139.699372
13.390,True,1 2,9,1462.484255,1462.484255,-112.484255,137.515745
13.400,True,1 2,9,1464.669513,1464.669513,-114.669513,135.330487
13.410,True,1 2,9,1466.856403,1466.856403,-116.856403,133.143597
13.420,True,1 2,9,1469.044924,1469.044924,-119.044924,130.955076
13.430,True,1 2,9,1471.235076,1471.235076,-121.235076,128.764924
13.440,True,1 2,9,1473.426860,1473.426860,-123.426860,126.573140
13.450,True,1 2,9,1475.620275,1475.620275,-125.620275,124.379725
13.460,True,1 2,9,1477.815322,1477.815322,-127.815322,122.184678
13.470,True,1 2,9,1480.012000,1480.012000,-130.012000,119.988000
13.480,True,1 2,9,1482.210309,1482.210309,-132.210309,117.789691
13.490,True,1 2,9,1484.410250,1484.410250,-134.410250,115.589750
13.500,True,1 2,9,1486.611822,1486.611822,-136.611822,113.388178
13.510,True,1 2,9,1488.815026,1488.815026,-138.815026,111.184974
13.520,True,1 2,9,1491.019861,1491.019861,-141.019861,108.980139
13.530,True,1 2,9,1493.226327,1493.226327,-143.226327,106.773673
13.540,True,1 2,9,1495.434425,1495.434425,-145.434425,104.565575
13.550,True,1 2,9,1497.644154,1497.644154,-147.644154,102.355846
13.560,True,1 2,9,1499.855515,1499.855515,-149.855515,100.144485
13.570,True,1 2,9,1502.068507,1502.068507,-152.068507,97.931493
13.580,True,1 2,9,1504.283130,1504.283130,-154.283130,95.716870
13.590,True,1 2,9,1506.499385,1506.499385,-156.499385,93.500615
13.600,True,1 2,9,1508.717271,1508.717271,-158.717271,91.282729
13.610,True,1 2,9,1510.936789,1510.936789,-160.936789,89.063211
13.620,True,1 2,9,1513.157938,1513.157938,-163.157938,86.842062
13.630,True,1 2,9,1515.380718,1515.380718,-165.380718,84.619282
13.640,True,1 2,9,1517.605130,1517.605130,-167.605130,82.394870
13.650,True,1 2,9,1519.831173,1519.831173,-169.831173,80.168827
13.660,True,1 2,9,1522.058847,1522.058847,-172.058847,77.941153
13.670,True,1 2,9,1524.288153,1524.288153,-174.288153,75.711847
13.680,True,1 2,9,1526.519091,1526.519091,-176.519091,73.480909
13.690,True,1 2,9,1528.751660,1528.751660,-178.751660,71.248340
13.700,True,1 2,9,1530.985860,1530.985860,-180.985860,69.014140
13.710,True,1 2,9,1533.221691,1533.221691,-183.221691,66.778309
13.720,True,1 2,9,1535.459154,1535.459154,-185.459154,64.540846
13.730,True,1 2,9,1537.698249,1537.698249,-187.698249,62.301751
13.740,True,1 2,9,1539.938974,1539.938974,-189.938974,60.061026
13.750,True,1 2,9,1542.181331,1542.181331,-192.181331,57.818669
13.760,True,1 2,9,1544.425320,1544.425320,-194.425320,55.574680
13.770,True,1 2,9,1546.670940,1546.670940,-196.670940,53.329060
13.780,True,1 2,9,1548.918191,1548.918191,-198.918191,51.081809
13.790,True,1 2,9,1551.167074,1551.167074,-201.167074,48.832926
13.800,True,1 2,9,1553.417588,1553.417588,-203.417588,46.582412
13.810,True,1 2,9,1555.669734,1555.669734,-205.669734,44.330266
13.820,True,1 2,9,1557.923511,1557.923511,-207.923511,42.076489
13.830,True,1 2,9,1560.178919,1560.178919,-210.178919,39.821081
13.840,True,1 2,9,1562.435959,1562.435959,-212.435959,37.564041
13.850,True,1 2,9,1564.694630,1564.694630,-214.694630,35.305370
13.860,True,1 2,9,1566.954932,1566.954932,-216.954932,33.045068
13.870,True,1 2,9,1569.216866,1569.216866,-219.216866,30.783134
13.880,True,1 2,9,1571.480432,1571.480432,-221.480432,28.519568
13.890,True,1 2,9,1573.745628,1573.745628,-223.745628,26.254372
13.900,True,1 2,9,1576.012456,1576.012456,-226.012456,23.987544
13.910,True,1 2,9,1578.280916,1578.280916,-228.280916,21.719084
13.920,True,1 2,9,1580.551007,1580.551007,-230.551007,19.448993
13.930,True,1 2,9,1582.822729,1582.822729,-232.822729,17.177271
13.940,True,1 2,9,1585.096083,1585.096083,-235.096083,14.903917
13.950,True,1 2,9,1587.371068,1587.371068,-237.371068,12.628932
13.960,True,1 2,9,1589.647685,1589.647685,-239.647685,10.352315
13.970,True,1 2,9,1591.925932,1591.925932,-241.925932,8.074068
13.980,True,1 2,9,1594.205812,1594.205812,-244.205812,5.794188
13.990,True,1 2,9,1596.487322,1596.487322,-246.487322,3.512678
14.000,True,1 2,9,1598.770465,1598.770465,-248.770465,1.229535
14.010,True,2 5,10,1440.949714,1440.949714,-90.949714,159.050286
14.020,True,2 5,10,1443.007479,1443.007479,-93.007479,156.992521
14.030,True,2 5,10,1445.066711,1445.066711,-95.066711,154.933289
14.040,True,2 5,10,1447.127412,1447.127412,-97.127412,152.872588
14.050,True,2 5,10,1449.189581,1449.189581,-99.189581,150.810419
14.060,True,2 5,10,1451.253219,1451.253219,-101.253219,148.746781
14.070,True,2 5,10,1453.318325,1453.318325,-103.318325,146.681675
14.080,True,2 5,10,1455.384899,1455.384899,-105.384899,144.615101
14.090,True,2 5,10,1457.452941,1457.452941,-107.452941,142.547059
14.100,True,2 5,10,1459.522451,1459.522451,-109.522451,140.477549
14.110,True,2 5,10,1461.593430,1461.593430,-111.593430,138.406570
14.120,True,2 5,10,1463.665877,1463.665877,-113.665877,136.334123
14.130,True,2 5,10,1465.739792,1465.739792,-115.739792,134.260208
14.140,True,2 5,10,1467.815176,1467.815176,-117.815176,132.184824
14.150,True,2 5,10,1469.892028,1469.892028,-119.892028,130.107972
14.160,True,2 5,10,1471.970348,1471.970348,-121.970348,128.029652
14.170,True,2 5,10,1474.050136,1474.050136,-124.050136,125.949864
14.180,True,2 5,10,1476.131392,1476.131392,-126.131392,123.868608
14.190,True,2 5,10,1478.214117,1478.214117,-128.214117,121.785883
14.200,True,2 5,10,1480.298310,1480.298310,-130.298310,119.701690
14.210,True,2 5,10,1482.383972,1482.383972,-132.383972,117.616028
14.220,True,2 5,10,1484.471101,1484.471101,-134.471101,115.528899
14.230,True,2 5,10,1486.559699,1486.559699,-136.559699,113.440301
14.240,True,2 5,10,1488.649765,1488.649765,-138.649765,111.350235
14.250,True,2 5,10,1490.741300,1490.741300,-140.741300,109.258700
14.260,True,2 5,10,1492.834302,1492.834302,-142.834302,107.165698
14.270,True,2 5,10,1494.928773,1494.928773,-144.928773,105.071227
14.280,True,2 5,10,1497.024712,1497.024712,-147.024712,102.975288
14.290,True,2 5,10,1499.122120,1499.122120,-149.122120,100.877880
14.300,True,2 5,10,1501.220995,1501.220995,-151.220995,98.779005
14.310,True,2 5,10,1503.321339,1503.321339,-153.321339,96.678661
14.320,True,2 5,10,1505.423151,1505.423151,-155.423151,94.576849
14.330,True,2 5,10,1507.526432,1507.526432,-157.526432,92.473568
14.340,True,2 5,10,1509.631180,1509.631180,-159.631180,90.368820
14.350,True,2 5,10,1511.737397,1511.737397,-161.737397,88.262603
14.360,True,2 5,10,1513.845083,1513.845083,-163.845083,86.154917
14.370,True,2 5,10,1515.954236,1515.954236,-165.954236,84.045764
14.380,True,2 5,10,1518.064858,1518.064858,-168.064858,81.935142
14.390,True,2 5,10,1520.176948,1520.176948,-170.176948,79.823052
14.400,True,2 5,10,1522.290506,1522.290506,-172.290506,77.709494
14.410,True,2 5,10,1524.405533,1524.405533,-174.405533,75.594467
14.420,True,2 5,10,1526.522027,1526.522027,-176.522027,73.477973
14.430,True,2 5,10,1528.639990,1528.639990,-178.639990,71.360010
14.440,True,2 5,10,1530.759422,1530.759422,-180.759422,69.240578
14.450,True,2 5,10,1532.880321,1532.880321,-182.880321,67.119679
14.460,True,2 5,10,1535.002689,1535.002689,-185.002689,64.997311
14.470,True,2 5,10,1537.126525,1537.126525,-187.126525,62.873475
14.480,True,2 5,10,1539.251829,1539.251829,-189.251829,60.748171
14.490,True,2 5,10,1541.378602,1541.378602,-191.378602,58.621398
14.500,True,2 5,10,1543.506843,1543.506843,-193.506843,56.493157
14.510,True,2 5,10,1545.636552,1545.636552,-195.636552,54.363448
14.520,True,2 5,10,1547.767729,1547.767729,-197.767729,52.232271
14.530,True,2 5,10,1549.900375,1549.900375,-199.900375,50.099625
14.540,True,2 5,10,1552.034489,1552.034489,-202.034489,47.965511
14.550,True,2 5,10,1554.170071,1554.170071,-204.170071,45.829929
14.560,True,2 5,10,1556.307121,1556.307121,-206.307121,43.692879
14.570,True,2 5,10,1558.445640,1558.445640,-208.445640,41.554360
14.580,True,2 5,10,1560.585627,1560.585627,-210.585627,39.414373
14.590,True,2 5,10,1562.727082,1562.727082,-212.727082,37.272918
14.600,True,2 5,10,1564.870005,1564.870005,-214.870005,35.129995
14.610,True,2 5,10,1567.014397,1567.014397,-217.014397,32.985603
14.620,True,2 5,10,1569.160257,1569.160257,-219.160257,30.839743
14.630,True,2 5,10,1571.307585,1571.307585,-221.307585,28.692415
14.640,True,2 5,10,1573.456381,1573.456381,-223.456381,26.543619
14.650,True,2 5,10,1575.606646,1575.606646,-225.606646,24.393354
14.660,True,2 5,10,1577.758379,1577.758379,-227.758379,22.241621
14.670,True,2 5,10,1579.911580,1579.911580,-229.911580,20.088420
14.680,True,2 5,10,1582.066250,1582.066250,-232.066250,17.933750
14.690,True,2 5,10,1584.222387,1584.222387,-234.222387,15.777613
14.700,True,2 5,10,1586.379993,1586.379993,-236.379993,13.620007
14.710,True,2 5,10,1588.539068,1588.539068,-238.539068,11.460932
14.720,True,2 5,10,1590.699610,1590.699610,-240.699610,9.300390
14.730,True,2 5,10,1592.861621,1592.861621,-242.861621,7.138379
14.740,True,2 5,10,1595.025100,1595.025100,-245.025100,4.974900
14.750,True,2 5,10,1597.190047,1597.190047,-247.190047,2.809953
14.760,True,2 5,10,1599.356463,1599.356463,-249.356463,0.643537
14.770,True,2 4,12,1334.603622,1334.603622,15.396378,234.603622
14.780,True,2 4,12,1336.411416,1336.411416,13.588584,236.411416
14.790,True,2 4,12,1338.220433,1338.220433,11.779567,238.220433
14.800,True,2 4,12,1340.030673,1340.030673,9.969327,240.030673
14.810,True,2 4,12,1341.842137,1341.842137,8.157863,241.842137
14.820,True,2 4,12,1343.654825,1343.654825,6.345175,243.654825
14.830,True,2 4,12,1345.468736,1345.468736,4.531264,245.468736
14.840,True,2 4,12,1347.283870,1347.283870,2.716130,247.283870
14.850,True,2 4,12,1349.100229,1349.100229,0.899771,249.100229
14.860,True,2 4,12,1350.917810,1350.917810,-0.917810,249.082190
14.870,True,2 4,12,1352.736616,1352.736616,-2.736616,247.263384
14.880,True,2 4,12,1354.556645,1354.556645,-4.556645,245.443355
14.890,True,2 4,12,1356.377897,1356.377897,-6.377897,243.622103
14.900,True,2 4,12,1358.200373,1358.200373,-8.200373,241.799627
14.910,True,2 4,12,1360.024073,1360.024073,-10.024073,239.975927
14.920,True,2 4,12,1361.848996,1361.848996,-11.848996,238.151004
14.930,True,2 4,12,1363.675142,1363.675142,-13.675142,236.324858
14.940,True,2 4,12,1365.502512,1365.502512,-15.502512,234.497488
14.950,True,2 4,12,1367.331106,1367.331106,-17.331106,232.668894
14.960,True,2 4,12,1369.160923,1369.160923,-19.160923,230.839077
14.970,True,2 4,12,1370.991964,1370.991964,-20.991964,229.008036
14.980,True,2 4,12,1372.824229,1372.824229,-22.824229,227.175771
14.990,True,2 4,12,1374.657717,1374.657717,-24.657717,225.342283
15.000,True,2 4,12,1376.492428,1376.492428,-26.492428,223.507572
15.010,True,2 4,12,1378.328363,1378.328363,-28.328363,221.671637
15.020,True,2 4,12,1380.165522,1380.165522,-30.165522,219.834478
15.030,True,2 4,12,1382.003904,1382.003904,-32.003904,217.996096
15.040,True,2 4,12,1383.843509,1383.843509,-33.843509,216.156491
15.050,True,2 4,12,1385.684339,1385.684339,-35.684339,214.315661
15.060,True,2 4,12,1387.526391,1387.526391,-37.526391,212.473609
15.070,True,2 4,12,1389.369668,1389.369668,-39.369668,210.630332
15.080,True,2 4,12,1391.214167,1391.214167,-41.214167,208.785833
15.090,True,2 4,12,1393.059891,1393.059891,-43.059891,206.940109
15.100,True,2 4,12,1394.906838,1394.906838,-44.906838,205.093162
15.110,True,2 4,12,1396.755008,1396.755008,-46.755008,203.244992
15.120,True,2 4,12,1398.604402,1398.604402,-48.604402,201.395598
15.130,True,2 4,12,1400.455020,1400.455020,-50.455020,199.544980
15.140,True,2 4,12,1402.306861,1402.306861,-52.306861,197.693139
15.150,True,2 4,12,1404.159926,1404.159926,-54.159926,195.840074
15.160,True,2 4,12,1406.014214,1406.014214,-56.014214,193.985786
15.170,True,2 4,12,1407.869726,1407.869726,-57.869726,192.130274
15.180,True,2 4,12,1409.726461,1409.726461,-59.726461,190.273539
15.190,True,2 4,12,1411.584420,1411.584420,-61.584420,188.415580
15.200,True,2 4,12,1413.443603,1413.443603,-63.443603,186.556397
15.210,True,2 4,12,1415.304009,1415.304009,-65.304009,184.695991
15.220,True,2 4,12,1417.165638,1417.165638,-67.165638,182.834362
15.230,True,2 4,12,1419.028491,1419.028491,-69.028491,180.971509
15.240,True,2 4,12,1420.892568,1420.892568,-70.892568,179.107432
15.250,True,2 4,12,1422.757868,1422.757868,-72.757868,177.242132
15.260,True,2 4,12,1424.624392,1424.624392,-74.624392,175.375608
15.270,True,2 4,12,1426.492139,1426.492139,-76.492139,173.507861
15.280,True,2 4,12,1428.361110,1428.361110,-78.361110,171.638890
15.290,True,2 4,12,1430.231304,1430.231304,-80.231304,169.768696
15.300,True,2 4,12,1432.102722,1432.102722,-82.102722,167.897278
15.310,True,2 4,12,1433.975364,1433.975364,-83.975364,166.024636
15.320,True,2 4,12,1435.849229,1435.849229,-85.849229,164.150771
15.330,True,2 4,12,1437.724317,1437.724317,-87.724317,162.275683
15.340,True,2 4,12,1439.600629,1439.600629,-89.600629,160.399371
15.350,True,2 4,12,1441.478165,1441.478165,-91.478165,158.521835
15.360,True,2 4,12,1443.356924,1443.356924,-93.356924,156.643076
15.370,True,2 4,12,1445.236907,1445.236907,-95.236907,154.763093
15.380,True,2 4,12,1447.118113,1447.118113,-97.118113,152.881887
15.390,True,2 4,12,1449.000543,1449.000543,-99.000543,150.999457
15.400,True,2 4,12,1450.884197,1450.884197,-100.884197,149.115803
15.410,True,2 4,12,1452.769074,1452.769074,-102.769074,147.230926
15.420,True,2 4,12,1454.655174,1454.655174,-104.655174,145.344826
15.430,True,2 4,12,1456.542498,1456.542498,-106.542498,143.457502
15.440,True,2 4,12,1458.431046,1458.431046,-108.431046,141.568954
15.450,True,2 4,12,1460.320817,1460.320817,-110.320817,139.679183
15.460,True,2 4,12,1462.211812,1462.211812,-112.211812,137.788188
15.470,True,2 4,12,1464.104030,1464.104030,-114.104030,135.895970
15.480,True,2 4,12,1465.997472,1465.997472,-115.997472,134.002528
15.490,True,3,16,1100.919103,1100.919103,249.080897,0.919103
15.500,True,3,16,1102.341019,1102.341019,247.658981,2.341019
15.510,True,3,16,1103.763854,1103.763854,246.236146,3.763854
15.520,True,3,16,1105.187606,1105.187606,244.812394,5.187606
15.530,True,3,16,1106.612275,1106.612275,243.387725,6.612275
15.540,True,3,16,1108.037863,1108.037863,241.962137,8.037863
15.550,True,3,16,1109.464368,1109.464368,240.535632,9.464368
15.560,True,3,16,1110.891790,1110.891790,239.108210,10.891790
15.570,True,3,16,1112.320131,1112.320131,237.679869,12.320131
15.580,True,3,16,1113.749389,1113.749389,236.250611,13.749389
15.590,True,3,16,1115.179564,1115.179564,234.820436,15.179564
15.600,True,3,16,1116.610658,1116.610658,233.389342,16.610658
15.610,True,3,16,1118.042669,1118.042669,231.957331,18.042669
15.620,True,3,16,1119.475597,1119.475597,230.524403,19.475597
15.630,True,3,16,1120.909443,1120.909443,229.090557,20.909443
15.640,True,3,16,1122.344207,1122.344207,227.655793,22.344207
15.650,True,3,16,1123.779889,1123.779889,226.220111,23.779889
15.660,True,3,16,1125.216488,1125.216488,224.783512,25.216488
15.670,True,3,16,1126.654005,1126.654005,223.345995,26.654005
15.680,True,3,16,1128.092440,1128.092440,221.907560,28.092440
15.690,True,3,16,1129.531792,1129.531792,220.468208,29.531792
15.700,True,3,16,1130.972062,1130.972062,219.027938,30.972062
15.710,True,3,16,1132.413250,1132.413250,217.586750,32.413250
15.720,True,3,16,1133.855355,1133.855355,216.144645,33.855355
15.730,True,3,16,1135.298378,1135.298378,214.701622,35.298378
15.740,True,3,16,1136.742318,1136.742318,213.257682,36.742318
15.750,True,3,16,1138.187176,1138.187176,211.812824,38.187176
15.760,True,3,16,1139.632952,1139.632952,210.367048,39.632952
15.770,True,3,16,1141.079646,1141.079646,208.920354,41.079646
15.780,True,3,16,1142.527257,1142.527257,207.472743,42.527257
15.790,True,3,16,1143.975786,1143.975786,206.024214,43.975786
15.800,True,3,16,1145.425232,1145.425232,204.574768,45.425232
15.810,True,3,16,1146.875597,1146.875597,203.124403,46.875597
15.820,True,3,16,1148.326878,1148.326878,201.673122,48.326878
15.830,True,3,16,1149.779078,1149.779078,200.220922,49.779078
15.840,True,3,16,1151.232195,1151.232195,198.767805,51.232195
15.850,True,3,16,1152.686230,1152.686230,197.313770,52.686230
15.860,True,3,16,1154.141183,1154.141183,195.858817,54.141183
15.870,True,3,16,1155.597053,1155.597053,194.402947,55.597053
15.880,True,3,16,1157.053840,1157.053840,192.946160,57.053840
15.890,True,3,16,1158.511546,1158.511546,191.488454,58.511546
15.900,True,3,16,1159.970169,1159.970169,190.029831,59.970169
15.910,True,3,16,1161.429710,1161.429710,188.570290,61.429710
15.920,True,3,16,1162.890168,1162.890168,187.109832,62.890168
15.930,True,3,16,1164.351545,1164.351545,185.648455,64.351545
15.940,True,3,16,1165.813838,1165.813838,184.186162,65.813838
15.950,True,3,16,1167.277050,1167.277050,182.722950,67.277050
15.960,True,3,16,1168.741179,1168.741179,181.258821,68.741179
15.970,True,3,16,1170.206226,1170.206226,179.793774,70.206226
15.980,True,3,16,1171.672190,1171.672190,178.327810,71.672190
15.990,True,3,16,1173.139072,1173.139072,176.860928,73.139072
16.000,True,3,16,1174.606872,1174.606872,175.393128,74.606872
16.010,True,3,16,1176.075589,1176.075589,173.924411,76.075589
16.020,True,3,16,1177.545224,1177.545224,172.454776,77.545224
16.030,True,3,16,1179.015777,1179.015777,170.984223,79.015777
16.040,True,3,16,1180.487248,1180.487248,169.512752,80.487248
16.050,True,3,16,1181.959636,1181.959636,168.040364,81.959636
16.060,True,3,16,1183.432941,1183.432941,166.567059,83.432941
16.070,True,3,16,1184.907165,1184.907165,165.092835,84.907165
16.080,True,3,16,1186.382306,1186.382306,163.617694,86.382306
16.090,True,3,16,1187.858365,1187.858365,162.141635,87.858365
16.100,True,3,16,1189.335341,1189.335341,160.664659,89.335341
16.110,True,3,16,1190.813235,1190.813235,159.186765,90.813235
16.120,True,3,16,1192.292047,1192.292047,157.707953,92.292047
16.130,True,3,16,1193.771776,1193.771776,156.228224,93.771776
16.140,True,3,16,1195.252423,1195.252423,154.747577,95.252423
16.150,True,3,16,1196.733988,1196.733988,153.266012,96.733988
16.160,True,3,16,1198.216470,1198.216470,151.783530,98.216470
16.170,True,3,16,1199.699870,1199.699870,150.300130,99.699870
16.180,True,3,16,1201.184188,1201.184188,148.815812,101.184188
16.190,True,3,16,1202.669423,1202.669423,147.330577,102.669423
16.200,True,3,16,1204.155576,1204.155576,145.844424,104.155576
16.210,True,3,16,1205.642647,1205.642647,144.357353,105.642647
16.220,True,3,16,1207.130635,1207.130635,142.869365,107.130635
16.230,True,3,16,1208.619541,1208.619541,141.380459,108.619541
16.240,True,3,16,1210.109365,1210.109365,139.890635,110.109365
16.250,True,3,16,1211.600106,1211.600106,138.399894,111.600106
16.260,True,3,16,1213.091765,1213.091765,136.908235,113.091765
16.270,True,3,16,1214.584342,1214.584342,135.415658,114.584342
16.280,True,3,16,1216.077836,1216.077836,133.922164,116.077836
16.290,True,3,16,1217.572248,1217.572248,132.427752,117.572248
16.300,True,3,16,1219.067577,1219.067577,130.932423,119.067577
16.310,True,3,16,1220.563825,1220.563825,129.436175,120.563825
16.320,True,3,16,1222.060990,1222.060990,127.939010,122.060990
16.330,True,3,16,1223.559072,1223.559072,126.440928,123.559072
16.340,True,3,16,1225.058072,1225.058072,124.941928,125.058072
16.350,True,3,16,1226.557990,1226.557990,123.442010,126.557990
16.360,True,3,16,1228.058826,1228.058826,121.941174,128.058826
16.370,True,3,16,1229.560579,1229.560579,120.439421,129.560579
16.380,True,3,16,1231.063250,1231.063250,118.936750,131.063250
16.390,True,3,16,1232.566839,1232.566839,117.433161,132.566839
16.400,True,3,16,1234.071345,1234.071345,115.928655,134.071345
16.410,True,3,16,1235.576769,1235.576769,114.423231,135.576769
16.420,True,3,16,1237.083110,1237.083110,112.916890,137.083110
16.430,True,3,16,1238.590369,1238.590369,111.409631,138.590369
16.440,True,3,16,1240.098546,1240.098546,109.901454,140.098546
16.450,True,3,16,1241.607641,1241.607641,108.392359,141.607641
16.460,True,3,16,1243.117653,1243.117653,106.882347,143.117653
16.470,True,3,16,1244.628583,1244.628583,105.371417,144.628583
16.480,True,3,16,1246.140430,1246.140430,103.859570,146.140430
16.490,True,3,16,1247.653196,1247.653196,102.346804,147.653196
16.500,True,3,16,1249.166878,1249.166878,100.833122,149.166878
16.510,True,3,16,1250.681479,1250.681479,99.318521,150.681479
16.520,True,3,16,1252.196997,1252.196997,97.803003,152.196997
16.530,True,3,16,1253.713433,1253.713433,96.286567,153.713433
16.540,True,3,16,1255.230786,1255.230786,94.769214,155.230786
16.550,True,3,16,1256.749058,1256.749058,93.250942,156.749058
16.560,True,3,16,1258.268246,1258.268246,91.731754,158.268246
16.570,True,3,16,1259.788353,1259.788353,90.211647,159.788353
16.580,True,3,16,1261.309377,1261.309377,88.690623,161.309377
16.590,True,3,16,1262.831319,1262.831319,87.168681,162.831319
16.600,True,3,16,1264.354178,1264.354178,85.645822,164.354178
16.610,True,3,16,1265.877955,1265.877955,84.122045,165.877955
16.620,True,3,16,1267.402650,1267.402650,82.597350,167.402650
16.630,True,3,16,1268.928263,1268.928263,81.071737,168.928263
16.640,True,3,16,1270.454793,1270.454793,79.545207,170.454793
16.650,True,3,16,1271.982240,1271.982240,78.017760,171.982240
16.660,True,3,16,1273.510606,1273.510606,76.489394,173.510606
16.670,True,3,16,1275.039889,1275.039889,74.960111,175.039889
16.680,True,3,16,1276.570090,1276.570090,73.429910,176.570090
16.690,True,3,16,1278.101208,1278.101208,71.898792,178.101208
16.700,True,3,16,1279.633244,1279.633244,70.366756,179.633244
16.710,True,3,16,1281.166198,1281.166198,68.833802,181.166198
16.720,True,3,16,1282.700069,1282.700069,67.299931,182.700069
16.730,True,3,16,1284.234858,1284.234858,65.765142,184.234858
16.740,True,3,16,1285.770565,1285.770565,64.229435,185.770565
16.750,True,3,16,1287.307189,1287.307189,62.692811,187.307189
16.760,True,3,16,1288.844732,1288.844732,61.155268,188.844732
16.770,True,3,16,1290.383191,1290.383191,59.616809,190.383191
16.780,True,3,16,1291.922569,1291.922569,58.077431,191.922569
16.790,True,3,16,1293.462864,1293.462864,56.537136,193.462864
16.800,True,3,16,1295.004076,1295.004076,54.995924,195.004076
16.810,True,3,16,1296.546207,1296.546207,53.453793,196.546207
16.820,True,3,16,1298.089255,1298.089255,51.910745,198.089255
16.830,True,3,16,1299.633220,1299.633220,50.366780,199.633220
16.840,True,3,16,1301.178104,1301.178104,48.821896,201.178104
16.850,True,3,16,1302.723905,1302.723905,47.276095,202.723905
16.860,True,3,16,1304.270623,1304.270623,45.729377,204.270623
16.870,True,3,16,1305.818260,1305.818260,44.181740,205.818260
16.880,True,3,16,1307.366814,1307.366814,42.633186,207.366814
16.890,True,3,16,1308.916285,1308.916285,41.083715,208.916285
16.900,True,3,16,1310.466675,1310.466675,39.533325,210.466675
16.910,True,3,16,1312.017982,1312.017982,37.982018,212.017982
16.920,True,3,16,1313.570206,1313.570206,36.429794,213.570206
16.930,True,3,16,1315.123348,1315.123348,34.876652,215.123348
16.940,True,3,16,1316.677408,1316.677408,33.322592,216.677408
16.950,True,3,16,1318.232386,1318.232386,31.767614,218.232386
16.960,True,3,16,1319.788281,1319.788281,30.211719,219.788281
16.970,True,3,16,1321.345094,1321.345094,28.654906,221.345094
16.980,True,3,16,1322.902825,1322.902825,27.097175,222.902825
16.990,True,3,16,1324.461473,1324.461473,25.538527,224.461473
17.000,True,3,16,1326.021039,1326.021039,23.978961,226.021039
17.010,True,3,16,1327.581523,1327.581523,22.418477,227.581523
17.020,True,3,16,1329.142924,1329.142924,20.857076,229.142924
17.030,True,3,16,1330.705243,1330.705243,19.294757,230.705243
17.040,True,3,16,1332.268479,1332.268479,17.731521,232.268479
17.050,True,3,16,1333.832634,1333.832634,16.167366,233.832634
17.060,True,3,16,1335.397705,1335.397705,14.602295,235.397705
17.070,True,3,16,1336.963695,1336.963695,13.036305,236.963695
17.080,True,3,16,1338.530602,1338.530602,11.469398,238.530602
17.090,True,3,16,1340.098427,1340.098427,9.901573,240.098427
17.100,True,3,16,1341.667170,1341.667170,8.332830,241.667170
17.110,True,3,16,1343.236830,1343.236830,6.763170,243.236830
17.120,True,3,16,1344.807408,1344.807408,5.192592,244.807408
17.130,True,3,16,1346.378903,1346.378903,3.621097,246.378903
17.140,True,3,16,1347.951316,1347.951316,2.048684,247.951316
17.150,True,3,16,1349.524647,1349.524647,0.475353,249.524647
17.160,True,3,16,1351.098896,1351.098896,-1.098896,248.901104
17.170,True,3,16,1352.674062,1352.674062,-2.674062,247.325938
17.180,True,3,16,1354.250146,1354.250146,-4.250146,245.749854
17.190,True,3,16,1355.827147,1355.827147,-5.827147,244.172853
17.200,True,3,16,1357.405066,1357.405066,-7.405066,242.594934
17.210,True,3,16,1358.983903,1358.983903,-8.983903,241.016097
17.220,True,3,16,1360.563658,1360.563658,-10.563658,239.436342
17.230,True,3,16,1362.144330,1362.144330,-12.144330,237.855670
17.240,True,3,16,1363.725920,1363.725920,-13.725920,236.274080
17.250,True,3,16,1365.308427,1365.308427,-15.308427,234.691573
17.260,True,3,16,1366.891852,1366.891852,-16.891852,233.108148
17.270,True,3,16,1368.476195,1368.476195,-18.476195,231.523805
17.280,True,3,16,1370.061455,1370.061455,-20.061455,229.938545
17.290,True,3,16,1371.647634,1371.647634,-21.647634,228.352366
17.300,True,3,16,1373.234729,1373.234729,-23.234729,226.765271
17.310,True,3,16,1374.822743,1374.822743,-24.822743,225.177257
17.320,True,3,16,1376.411674,1376.411674,-26.411674,223.588326
17.330,True,3,16,1378.001523,1378.001523,-28.001523,221.998477
17.340,True,3,16,1379.592289,1379.592289,-29.592289,220.407711
17.350,True,3,16,1381.183973,1381.183973,-31.183973,218.816027
17.360,True,3,16,1382.776575,1382.776575,-32.776575,217.223425
17.370,True,3,16,1384.370094,1384.370094,-34.370094,215.629906
17.380,True,3,16,1385.964531,1385.964531,-35.964531,214.035469
17.390,True,3,16,1387.559886,1387.559886,-37.559886,212.440114
17.400,True,3,16,1389.156158,1389.156158,-39.156158,210.843842
17.410,True,3,16,1390.753348,1390.753348,-40.753348,209.246652
17.420,True,3,16,1392.351456,1392.351456,-42.351456,207.648544
17.430,True,3,16,1393.950481,1393.950481,-43.950481,206.049519
17.440,True,3,16,1395.550425,1395.550425,-45.550425,204.449575
17.450,True,3,16,1397.151285,1397.151285,-47.151285,202.848715
17.460,True,3,16,1398.753064,1398.753064,-48.753064,201.246936
17.470,True,3,16,1400.355760,1400.355760,-50.355760,199.644240
17.480,True,3,16,1401.959373,1401.959373,-51.959373,198.040627
17.490,True,3,16,1403.563905,1403.563905,-53.563905,196.436095
17.500,True,3,16,1405.169354,1405.169354,-55.169354,194.830646
17.510,True,3,16,1406.775720,1406.775720,-56.775720,193.224280
17.520,True,3,16,1408.383005,1408.383005,-58.383005,191.616995
17.530,True,3,16,1409.991207,1409.991207,-59.991207,190.008793
17.540,True,3,16,1411.600326,1411.600326,-61.600326,188.399674
17.550,True,3,16,1413.210364,1413.210364,-63.210364,186.789636
17.560,True,3,16,1414.821319,1414.821319,-64.821319,185.178681
17.570,True,3,16,1416.433191,1416.433191,-66.433191,183.566809
17.580,True,3,16,1418.045981,1418.045981,-68.045981,181.954019
17.590,True,3,16,1419.659689,1419.659689,-69.659689,180.340311
17.600,True,3,16,1421.274315,1421.274315,-71.274315,178.725685
17.610,True,3,16,1422.889858,1422.889858,-72.889858,177.110142
17.620,True,3,16,1424.506319,1424.506319,-74.506319,175.493681
17.630,True,3,16,1426.123698,1426.123698,-76.123698,173.876302
17.640,True,3,16,1427.741994,1427.741994,-77.741994,172.258006
17.650,True,3,16,1429.361208,1429.361208,-79.361208,170.638792
17.660,True,3,16,1430.981340,1430.981340,-80.981340,169.018660
17.670,True,3,16,1432.602389,1432.602389,-82.602389,167.397611
17.680,True,3,16,1434.224356,1434.224356,-84.224356,165.775644
17.690,True,3,16,1435.847240,1435.847240,-85.847240,164.152760
17.700,True,3,16,1437.471043,1437.471043,-87.471043,162.528957
17.710,True,3,16,1439.095762,1439.095762,-89.095762,160.904238
17.720,True,3,16,1440.721400,1440.721400,-90.721400,159.278600
17.730,True,3,16,1442.347955,1442.347955,-92.347955,157.652045
17.740,True,3,16,1443.975428,1443.975428,-93.975428,156.024572
17.750,True,3,16,1445.603819,1445.603819,-95.603819,154.396181
17.760,True,3,16,1447.233127,1447.233127,-97.233127,152.766873
17.770,True,3,16,1448.863353,1448.863353,-98.863353,151.136647
17.780,True,3,16,1450.494496,1450.494496,-100.494496,149.505504
17.790,True,3,16,1452.126557,1452.126557,-102.126557,147.873443
17.800,True,3,16,1453.759536,1453.759536,-103.759536,146.240464
17.810,True,3,16,1455.393433,1455.393433,-105.393433,144.606567
17.820,True,3,16,1457.028247,1457.028247,-107.028247,142.971753
17.830,True,3,16,1458.663979,1458.663979,-108.663979,141.336021
17.840,True,3,16,1460.300628,1460.300628,-110.300628,139.699372
17.850,True,3,16,1461.938196,1461.938196,-111.938196,138.061804
17.860,True,3,16,1463.576680,1463.576680,-113.576680,136.423320
17.870,True,3,16,1465.216083,1465.216083,-115.216083,134.783917
17.880,True,3,16,1466.856403,1466.856403,-116.856403,133.143597
17.890,True,3,16,1468.497641,1468.497641,-118.497641,131.502359
17.900,True,3,16,1470.139796,1470.139796,-120.139796,129.860204
17.910,True,3,16,1471.782869,1471.782869,-121.782869,128.217131
17.920,True,3,16,1473.426860,1473.426860,-123.426860,126.573140
17.930,True,3,16,1475.071769,1475.071769,-125.071769,124.928231
17.940,True,3,16,1476.717595,1476.717595,-126.717595,123.282405
17.950,True,3,16,1478.364338,1478.364338,-128.364338,121.635662
17.960,True,3,16,1480.012000,1480.012000,-130.012000,119.988000
17.970,True,3,16,1481.660579,1481.660579,-131.660579,118.339421
17.980,True,3,16,1483.310076,1483.310076,-133.310076,116.689924
17.990,True,3,16,1484.960490,1484.960490,-134.960490,115.039510
18.000,True,3,16,1486.611822,1486.611822,-136.611822,113.388178
18.010,True,3,16,1488.264072,1488.264072,-138.264072,111.735928
18.020,True,3,16,1489.917239,1489.917239,-139.917239,110.082761
18.030,True,3,16,1491.571324,1491.571324,-141.571324,108.428676
18.040,True,3,16,1493.226327,1493.226327,-143.226327,106.773673
18.050,True,3,16,1494.882248,1494.882248,-144.882248,105.117752
18.060,True,3,16,1496.539086,1496.539086,-146.539086,103.460914
18.070,True,3,16,1498.196841,1498.196841,-148.196841,101.803159
18.080,True,3,16,1499.855515,1499.855515,-149.855515,100.144485
18.090,True,3,16,1501.515106,1501.515106,-151.515106,98.484894
18.100,True,3,16,1503.175614,1503.175614,-153.175614,96.824386
18.110,True,3,16,1504.837041,1504.837041,-154.837041,95.162959
18.120,True,3,16,1506.499385,1506.499385,-156.499385,93.500615
18.130,True,3,16,1508.162647,1508.162647,-158.162647,91.837353
18.140,True,3,16,1509.826826,1509.826826,-159.826826,90.173174
18.150,True,3,16,1511.491923,1511.491923,-161.491923,88.508077
18.160,True,3,16,1513.157938,1513.157938,-163.157938,86.842062
18.170,True,3,16,1514.824870,1514.824870,-164.824870,85.175130
18.180,True,3,16,1516.492720,1516.492720,-166.492720,83.507280
18.190,True,3,16,1518.161488,1518.161488,-168.161488,81.838512
18.200,True,3,16,1519.831173,1519.831173,-169.831173,80.168827
18.210,True,3,16,1521.501776,1521.501776,-171.501776,78.498224
18.220,True,3,16,1523.173296,1523.173296,-173.173296,76.826704
18.230,True,3,16,1524.845735,1524.845735,-174.845735,75.154265
18.240,True,3,16,1526.519091,1526.519091,-176.519091,73.480909
18.250,True,3,16,1528.193364,1528.193364,-178.193364,71.806636
18.260,True,3,16,1529.868556,1529.868556,-179.868556,70.131444
18.270,True,3,16,1531.544665,1531.544665,-181.544665,68.455335
18.280,True,3,16,1533.221691,1533.221691,-183.221691,66.778309
18.290,True,3,16,1534.899635,1534.899635,-184.899635,65.100365
18.300,True,3,16,1536.578497,1536.578497,-186.578497,63.421503
18.310,True,3,16,1538.258277,1538.258277,-188.258277,61.741723
18.320,True,3,16,1539.938974,1539.938974,-189.938974,60.061026
18.330,True,3,16,1541.620589,1541.620589,-191.620589,58.379411
18.340,True,3,16,1543.303122,1543.303122,-193.303122,56.696878
18.350,True,3,16,1544.986572,1544.986572,-194.986572,55.013428
18.360,True,3,16,1546.670940,1546.670940,-196.670940,53.329060
18.370,True,3,16,1548.356225,1548.356225,-198.356225,51.643775
18.380,True,3,16,1550.042429,1550.042429,-200.042429,49.957571
18.390,True,3,16,1551.729550,1551.729550,-201.729550,48.270450
18.400,True,3,16,1553.417588,1553.417588,-203.417588,46.582412
18.410,True,3,16,1555.106544,1555.106544,-205.106544,44.893456
18.420,True,3,16,1556.796418,1556.796418,-206.796418,43.203582
18.430,True,3,16,1558.487210,1558.487210,-208.487210,41.512790
18.440,True,3,16,1560.178919,1560.178919,-210.178919,39.821081
18.450,True,3,16,1561.871546,1561.871546,-211.871546,38.128454
18.460,True,3,16,1563.565090,1563.565090,-213.565090,36.434910
18.470,True,3,16,1565.259552,1565.259552,-215.259552,34.740448
18.480,True,3,16,1566.954932,1566.954932,-216.954932,33.045068
18.490,True,3,16,1568.651230,1568.651230,-218.651230,31.348770
18.500,True,3,16,1570.348445,1570.348445,-220.348445,29.651555
18.510,True,3,16,1572.046578,1572.046578,-222.046578,27.953422
18.520,True,3,16,1573.745628,1573.745628,-223.745628,26.254372
18.530,True,3,16,1575.445596,1575.445596,-225.445596,24.554404
18.540,True,3,16,1577.146482,1577.146482,-227.146482,22.853518
18.550,True,3,16,1578.848286,1578.848286,-228.848286,21.151714
18.560,True,3,16,1580.551007,1580.551007,-230.551007,19.448993
18.570,True,3,16,1582.254646,1582.254646,-232.254646,17.745354
18.580,True,3,16,1583.959202,1583.959202,-233.959202,16.040798
18.590,True,3,16,1585.664676,1585.664676,-235.664676,14.335324
18.600,True,3,16,1587.371068,1587.371068,-237.371068,12.628932
18.610,True,3,16,1589.078377,1589.078377,-239.078377,10.921623
18.620,True,3,16,1590.786605,1590.786605,-240.786605,9.213395
18.630,True,3,16,1592.495749,1592.495749,-242.495749,7.504251
18.640,True,3,16,1594.205812,1594.205812,-244.205812,5.794188
18.650,True,3,16,1595.916792,1595.916792,-245.916792,4.083208
18.660,True,3,16,1597.628690,1597.628690,-247.628690,2.371310
18.670,True,3,16,1599.341505,1599.341505,-249.341505,0.658495
18.680,True,1 3,17,1506.875518,1506.875518,-156.875518,93.124482
18.690,True,1 3,17,1508.489307,1508.489307,-158.489307,91.510693
18.700,True,1 3,17,1510.103960,1510.103960,-160.103960,89.896040
18.710,True,1 3,17,1511.719476,1511.719476,-161.719476,88.280524
18.720,True,1 3,17,1513.335856,1513.335856,-163.335856,86.664144
18.730,True,1 3,17,1514.953100,1514.953100,-164.953100,85.046900
18.740,True,1 3,17,1516.571207,1516.571207,-166.571207,83.428793
18.750,True,1 3,17,1518.190178,1518.190178,-168.190178,81.809822
18.760,True,1 3,17,1519.810013,1519.810013,-169.810013,80.189987
18.770,True,1 3,17,1521.430711,1521.430711,-171.430711,78.569289
18.780,True,1 3,17,1523.052273,1523.052273,-173.052273,76.947727
18.790,True,1 3,17,1524.674699,1524.674699,-174.674699,75.325301
18.800,True,1 3,17,1526.297988,1526.297988,-176.297988,73.702012
18.810,True,1 3,17,1527.922141,1527.922141,-177.922141,72.077859
18.820,True,1 3,17,1529.547158,1529.547158,-179.547158,70.452842
18.830,True,1 3,17,1531.173039,1531.173039,-181.173039,68.826961
18.840,True,1 3,17,1532.799783,1532.799783,-182.799783,67.200217
18.850,True,1 3,17,1534.427391,1534.427391,-184.427391,65.572609
18.860,True,1 3,17,1536.055862,1536.055862,-186.055862,63.944138
18.870,True,1 3,17,1537.685197,1537.685197,-187.685197,62.314803
18.880,True,1 3,17,1539.315396,1539.315396,-189.315396,60.684604
18.890,True,1 3,17,1540.946459,1540.946459,-190.946459,59.053541
18.900,True,1 3,17,1542.578385,1542.578385,-192.578385,57.421615
18.910,True,1 3,17,1544.211175,1544.211175,-194.211175,55.788825
18.920,True,1 3,17,1545.844829,1545.844829,-195.844829,54.155171
18.930,True,1 3,17,1547.479346,1547.479346,-197.479346,52.520654
18.940,True,1 3,17,1549.114727,1549.114727,-199.114727,50.885273
18.950,True,1 3,17,1550.750971,1550.750971,-200.750971,49.249029
18.960,True,1 3,17,1552.388080,1552.388080,-202.388080,47.611920
18.970,True,1 3,17,1554.026052,1554.026052,-204.026052,45.973948
18.980,True,1 3,17,1555.664887,1555.664887,-205.664887,44.335113
18.990,True,1 3,17,1557.304587,1557.304587,-207.304587,42.695413
19.000,True,1 3,17,1558.945150,1558.945150,-208.945150,41.054850
19.010,True,1 3,17,1560.586577,1560.586577,-210.586577,39.413423
19.020,True,1 3,17,1562.228867,1562.228867,-212.228867,37.771133
19.030,True,1 3,17,1563.872021,1563.872021,-213.872021,36.127979
19.040,True,1 3,17,1565.516039,1565.516039,-215.516039,34.483961
19.050,True,1 3,17,1567.160920,1567.160920,-217.160920,32.839080
19.060,True,1 3,17,1568.806666,1568.806666,-218.806666,31.193334
19.070,True,1 3,17,1570.453274,1570.453274,-220.453274,29.546726
19.080,True,1 3,17,1572.100747,1572.100747,-222.100747,27.899253
19.090,True,1 3,17,1573.749083,1573.749083,-223.749083,26.250917
19.100,True,1 3,17,1575.398283,1575.398283,-225.398283,24.601717
19.110,True,1 3,17,1577.048346,1577.048346,-227.048346,22.951654
19.120,True,1 3,17,1578.699274,1578.699274,-228.699274,21.300726
19.130,True,1 3,17,1580.351065,1580.351065,-230.351065,19.648935
19.140,True,1 3,17,1582.003719,1582.003719,-232.003719,17.996281
19.150,True,1 3,17,1583.657237,1583.657237,-233.657237,16.342763
19.160,True,1 3,17,1585.311619,1585.311619,-235.311619,14.688381
19.170,True,1 3,17,1586.966865,1586.966865,-236.966865,13.033135
19.180,True,1 3,17,1588.622974,1588.622974,-238.622974,11.377026
19.190,True,1 3,17,1590.279947,1590.279947,-240.279947,9.720053
19.200,True,1 3,17,1591.937784,1591.937784,-241.937784,8.062216
19.210,True,1 3,17,1593.596484,1593.596484,-243.596484,6.403516
19.220,True,1 3,17,1595.256048,1595.256048,-245.256048,4.743952
19.230,True,1 3,17,1596.916476,1596.916476,-246.916476,3.083524
19.240,True,1 3,17,1598.577768,1598.577768,-248.577768,1.422232
19.250,True,3 5,18,1511.337705,1511.337705,-161.337705,88.662295
19.260,True,3 5,18,1512.908334,1512.908334,-162.908334,87.091666
19.270,True,3 5,18,1514.479778,1514.479778,-164.479778,85.520222
19.280,True,3 5,18,1516.052038,1516.052038,-166.052038,83.947962
19.290,True,3 5,18,1517.625114,1517.625114,-167.625114,82.374886
19.300,True,3 5,18,1519.199006,1519.199006,-169.199006,80.800994
19.310,True,3 5,18,1520.773713,1520.773713,-170.773713,79.226287
19.320,True,3 5,18,1522.349236,1522.349236,-172.349236,77.650764
19.330,True,3 5,18,1523.925575,1523.925575,-173.925575,76.074425
19.340,True,3 5,18,1525.502730,1525.502730,-175.502730,74.497270
19.350,True,3 5,18,1527.080700,1527.080700,-177.080700,72.919300
19.360,True,3 5,18,1528.659485,1528.659485,-178.659485,71.340515
19.370,True,3 5,18,1530.239087,1530.239087,-180.239087,69.760913
19.380,True,3 5,18,1531.819504,1531.819504,-181.819504,68.180496
19.390,True,3 5,18,1533.400737,1533.400737,-183.400737,66.599263
19.400,True,3 5,18,1534.982786,1534.982786,-184.982786,65.017214
19.410,True,3 5,18,1536.565650,1536.565650,-186.565650,63.434350
19.420,True,3 5,18,1538.149330,1538.149330,-188.149330,61.850670
19.430,True,3 5,18,1539.733826,1539.733826,-189.733826,60.266174
19.440,True,3 5,18,1541.319137,1541.319137,-191.319137,58.680863
19.450,True,3 5,18,1542.905264,1542.905264,-192.905264,57.094736
19.460,True,3 5,18,1544.492207,1544.492207,-194.492207,55.507793
19.470,True,3 5,18,1546.079966,1546.079966,-196.079966,53.920034
19.480,True,3 5,18,1547.668540,1547.668540,-197.668540,52.331460
19.490,True,3 5,18,1549.257930,1549.257930,-199.257930,50.742070
19.500,True,3 5,18,1550.848136,1550.848136,-200.848136,49.151864
19.510,True,3 5,18,1552.439157,1552.439157,-202.439157,47.560843
19.520,True,3 5,18,1554.030994,1554.030994,-204.030994,45.969006
19.530,True,3 5,18,1555.623647,1555.623647,-205.623647,44.376353
19.540,True,3 5,18,1557.217115,1557.217115,-207.217115,42.782885
19.550,True,3 5,18,1558.811399,1558.811399,-208.811399,41.188601
19.560,True,3 5,18,1560.406499,1560.406499,-210.406499,39.593501
19.570,True,3 5,18,1562.002415,1562.002415,-212.002415,37.997585
19.580,True,3 5,18,1563.599146,1563.599146,-213.599146,36.400854
19.590,True,3 5,18,1565.196693,1565.196693,-215.196693,34.803307
19.600,True,3 5,18,1566.795055,1566.795055,-216.795055,33.204945
19.610,True,3 5,18,1568.394234,1568.394234,-218.394234,31.605766
19.620,True,3 5,18,1569.994228,1569.994228,-219.994228,30.005772
19.630,True,3 5,18,1571.595037,1571.595037,-221.595037,28.404963
19.640,True,3 5,18,1573.196663,1573.196663,-223.196663,26.803337
19.650,True,3 5,18,1574.799104,1574.799104,-224.799104,25.200896
19.660,True,3 5,18,1576.402361,1576.402361,-226.402361,23.597639
19.670,True,3 5,18,1578.006433,1578.006433,-228.006433,21.993567
19.680,True,3 5,18,1579.611321,1579.611321,-229.611321,20.388679
19.690,True,3 5,18,1581.217025,1581.217025,-231.217025,18.782975
19.700,True,3 5,18,1582.823545,1582.823545,-232.823545,17.176455
19.710,True,3 5,18,1584.430880,1584.430880,-234.430880,15.569120
19.720,True,3 5,18,1586.039031,1586.039031,-236.039031,13.960969
19.730,True,3 5,18,1587.647998,1587.647998,-237.647998,12.352002
19.740,True,3 5,18,1589.257780,1589.257780,-239.257780,10.742220
19.750,True,3 5,18,1590.868378,1590.868378,-240.868378,9.131622
19.760,True,3 5,18,1592.479792,1592.479792,-242.479792,7.520208
19.770,True,3 5,18,1594.092022,1594.092022,-244.092022,5.907978
19.780,True,3 5,18,1595.705067,1595.705067,-245.705067,4.294933
19.790,True,3 5,18,1597.318928,1597.318928,-247.318928,2.681072
19.800,True,3 5,18,1598.933604,1598.933604,-248.933604,1.066396
19.810,True,3 4,20,1440.494187,1440.494187,-90.494187,159.505813
19.820,True,3 4,20,1441.948864,1441.948864,-91.948864,158.051136
19.830,True,3 4,20,1443.404276,1443.404276,-93.404276,156.595724
19.840,True,3 4,20,1444.860421,1444.860421,-94.860421,155.139579
19.850,True,3 4,20,1446.317301,1446.317301,-96.317301,153.682699
19.860,True,3 4,20,1447.774914,1447.774914,-97.774914,152.225086
19.870,True,3 4,20,1449.233262,1449.233262,-99.233262,150.766738
19.880,True,3 4,20,1450.692344,1450.692344,-100.692344,149.307656
19.890,True,3 4,20,1452.152160,1452.152160,-102.152160,147.847840
19.900,True,3 4,20,1453.612710,1453.612710,-103.612710,146.387290
19.910,True,3 4,20,1455.073995,1455.073995,-105.073995,144.926005
19.920,True,3 4,20,1456.536013,1456.536013,-106.536013,143.463987
19.930,True,3 4,20,1457.998766,1457.998766,-107.998766,142.001234
19.940,True,3 4,20,1459.462253,1459.462253,-109.462253,140.537747
19.950,True,3 4,20,1460.926474,1460.926474,-110.926474,139.073526
19.960,True,3 4,20,1462.391429,1462.391429,-112.391429,137.608571
19.970,True,3 4,20,1463.857118,1463.857118,-113.857118,136.142882
19.980,True,3 4,20,1465.323541,1465.323541,-115.323541,134.676459
19.990,True,3 4,20,1466.790698,1466.790698,-116.790698,133.209302
20.000,True,3 4,20,1468.258590,1468.258590,-118.258590,131.741410
20.010,True,3 4,20,1469.727216,1469.727216,-119.727216,130.272784
20.020,True,3 4,20,1471.196575,1471.196575,-121.196575,128.803425
20.030,True,3 4,20,1472.666669,1472.666669,-122.666669,127.333331
20.040,True,3 4,20,1474.137497,1474.137497,-124.137497,125.862503
20.050,True,3 4,20,1475.609059,1475.609059,-125.609059,124.390941
20.060,True,3 4,20,1477.081356,1477.081356,-127.081356,122.918644
20.070,True,3 4,20,1478.554386,1478.554386,-128.554386,121.445614
20.080,True,3 4,20,1480.028151,1480.028151,-130.028151,119.971849
20.090,True,3 4,20,1481.502649,1481.502649,-131.502649,118.497351
20.100,True,3 4,20,1482.977882,1482.977882,-132.977882,117.022118
20.110,True,3 4,20,1484.453849,1484.453849,-134.453849,115.546151
20.120,True,3 4,20,1485.930550,1485.930550,-135.930550,114.069450
20.130,True,3 4,20,1487.407985,1487.407985,-137.407985,112.592015
20.140,True,3 4,20,1488.886155,1488.886155,-138.886155,111.113845
20.150,True,3 4,20,1490.365058,1490.365058,-140.365058,109.634942
20.160,True,3 4,20,1491.844696,1491.844696,-141.844696,108.155304
20.170,True,3 4,20,1493.325068,1493.325068,-143.325068,106.674932
20.180,True,3 4,20,1494.806173,1494.806173,-144.806173,105.193827
20.190,True,3 4,20,1496.288013,1496.288013,-146.288013,103.711987
20.200,True,3 4,20,1497.770588,1497.770588,-147.770588,102.229412
20.210,True,3 4,20,1499.253896,1499.253896,-149.253896,100.746104
20.220,True,3 4,20,1500.737938,1500.737938,-150.737938,99.262062
20.230,True,3 4,20,1502.222715,1502.222715,-152.222715,97.777285
20.240,True,3 4,20,1503.708225,1503.708225,-153.708225,96.291775
20.250,True,3 4,20,1505.194470,1505.194470,-155.194470,94.805530
20.260,True,3 4,20,1506.681449,1506.681449,-156.681449,93.318551
20.270,True,3 4,20,1508.169162,1508.169162,-158.169162,91.830838
20.280,True,3 4,20,1509.657609,1509.657609,-159.657609,90.342391
20.290,True,3 4,20,1511.146790,1511.146790,-161.146790,88.853210
20.300,True,3 4,20,1512.636706,1512.636706,-162.636706,87.363294
20.310,True,3 4,20,1514.127355,1514.127355,-164.127355,85.872645
20.320,True,3 4,20,1515.618739,1515.618739,-165.618739,84.381261
20.330,True,3 4,20,1517.110857,1517.110857,-167.110857,82.889143
20.340,True,3 4,20,1518.603709,1518.603709,-168.603709,81.396291
20.350,True,3 4,20,1520.097295,1520.097295,-170.097295,79.902705
20.360,True,3 4,20,1521.591615,1521.591615,-171.591615,78.408385
20.370,True,3 4,20,1523.086669,1523.086669,-173.086669,76.913331
20.380,True,3 4,20,1524.582458,1524.582458,-174.582458,75.417542
20.390,True,3 4,20,1526.078980,1526.078980,-176.078980,73.921020
20.400,True,3 4,20,1527.576237,1527.576237,-177.576237,72.423763
20.410,True,3 4,20,1529.074228,1529.074228,-179.074228,70.925772
20.420,True,3 4,20,1530.572953,1530.572953,-180.572953,69.427047
20.430,True,3 4,20,1532.072412,1532.072412,-182.072412,67.927588
20.440,True,3 4,20,1533.572605,1533.572605,-183.572605,66.427395
20.450,True,3 4,20,1535.073532,1535.073532,-185.073532,64.926468
20.460,True,3 4,20,1536.575194,1536.575194,-186.575194,63.424806
20.470,True,3 4,20,1538.077589,1538.077589,-188.077589,61.922411
20.480,True,3 4,20,1539.580719,1539.580719,-189.580719,60.419281
20.490,True,3 4,20,1541.084583,1541.084583,-191.084583,58.915417
20.500,True,3 4,20,1542.589181,1542.589181,-192.589181,57.410819
20.510,True,3 4,20,1544.094513,1544.094513,-194.094513,55.905487
20.520,True,3 4,20,1545.600579,1545.600579,-195.600579,54.399421
20.530,True,3 4,20,1547.107380,1547.107380,-197.107380,52.892620
20.540,True,3 4,20,1548.614914,1548.614914,-198.614914,51.385086
20.550,True,3 4,20,1550.123183,1550.123183,-200.123183,49.876817
20.560,True,3 4,20,1551.632186,1551.632186,-201.632186,48.367814
20.570,True,3 4,20,1553.141923,1553.141923,-203.141923,46.858077
20.580,True,3 4,20,1554.652394,1554.652394,-204.652394,45.347606
20.590,True,3 4,20,1556.163599,1556.163599,-206.163599,43.836401
20.600,True,3 4,20,1557.675538,1557.675538,-207.675538,42.324462
20.610,True,3 4,20,1559.188211,1559.188211,-209.188211,40.811789
20.620,True,3 4,20,1560.701619,1560.701619,-210.701619,39.298381
20.630,True,3 4,20,1562.215761,1562.215761,-212.215761,37.784239
20.640,True,3 4,20,1563.730636,1563.730636,-213.730636,36.269364
20.650,True,3 4,20,1565.246246,1565.246246,-215.246246,34.753754
20.660,True,3 4,20,1566.762590,1566.762590,-216.762590,33.237410
20.670,True,3 4,20,1568.279669,1568.279669,-218.279669,31.720331
20.680,True,3 4,20,1569.797481,1569.797481,-219.797481,30.202519
20.690,True,3 4,20,1571.316027,1571.316027,-221.316027,28.683973
20.700,True,3 4,20,1572.835308,1572.835308,-222.835308,27.164692
20.710,True,3 4,20,1574.355323,1574.355323,-224.355323,25.644677
20.720,True,3 4,20,1575.876072,1575.876072,-225.876072,24.123928
20.730,True,3 4,20,1577.397554,1577.397554,-227.397554,22.602446
20.740,True,3 4,20,1578.919772,1578.919772,-228.919772,21.080228
20.750,True,3 4,20,1580.442723,1580.442723,-230.442723,19.557277
20.760,True,3 4,20,1581.966408,1581.966408,-231.966408,18.033592
20.770,True,3 4,20,1583.490828,1583.490828,-233.490828,16.509172
20.780,True,3 4,20,1585.015981,1585.015981,-235.015981,14.984019
20.790,True,3 4,20,1586.541869,1586.541869,-236.541869,13.458131
20.800,True,3 4,20,1588.068491,1588.068491,-238.068491,11.931509
20.810,True,3 4,20,1589.595847,1589.595847,-239.595847,10.404153
20.820,True,3 4,20,1591.123937,1591.123937,-241.123937,8.876063
20.830,True,3 4,20,1592.652761,1592.652761,-242.652761,7.347239
20.840,True,3 4,20,1594.182320,1594.182320,-244.182320,5.817680
20.850,True,3 4,20,1595.712612,1595.712612,-245.712612,4.287388
20.860,True,3 4,20,1597.243639,1597.243639,-247.243639,2.756361
20.870,True,3 4,20,1598.775400,1598.775400,-248.775400,1.224600
20.880,True,2 3,24,1333.589912,1333.589912,16.410088,233.589912
20.890,True,2 3,24,1334.867603,1334.867603,15.132397,234.867603
20.900,True,2 3,24,1336.145906,1336.145906,13.854094,236.145906
20.910,True,2 3,24,1337.424820,1337.424820,12.575180,237.424820
20.920,True,2 3,24,1338.704346,1338.704346,11.295654,238.704346
20.930,True,2 3,24,1339.984484,1339.984484,10.015516,239.984484
20.940,True,2 3,24,1341.265234,1341.265234,8.734766,241.265234
20.950,True,2 3,24,1342.546595,1342.546595,7.453405,242.546595
20.960,True,2 3,24,1343.828569,1343.828569,6.171431,243.828569
20.970,True,2 3,24,1345.111154,1345.111154,4.888846,245.111154
20.980,True,2 3,24,1346.394350,1346.394350,3.605650,246.394350
20.990,True,2 3,24,1347.678159,1347.678159,2.321841,247.678159
21.000,True,2 3,24,1348.962579,1348.962579,1.037421,248.962579
21.010,True,2 3,24,1350.247612,1350.247612,-0.247612,249.752388
21.020,True,2 3,24,1351.533256,1351.533256,-1.533256,248.466744
21.030,True,2 3,24,1352.819511,1352.819511,-2.819511,247.180489
21.040,True,2 3,24,1354.106379,1354.106379,-4.106379,245.893621
21.050,True,2 3,24,1355.393858,1355.393858,-5.393858,244.606142
21.060,True,2 3,24,1356.681949,1356.681949,-6.681949,243.318051
21.070,True,2 3,24,1357.970652,1357.970652,-7.970652,242.029348
21.080,True,2 3,24,1359.259966,1359.259966,-9.259966,240.740034
21.090,True,2 3,24,1360.549893,1360.549893,-10.549893,239.450107
21.100,True,2 3,24,1361.840431,1361.840431,-11.840431,238.159569
21.110,True,2 3,24,1363.131581,1363.131581,-13.131581,236.868419
21.120,True,2 3,24,1364.423342,1364.423342,-14.423342,235.576658
21.130,True,2 3,24,1365.715716,1365.715716,-15.715716,234.284284
21.140,True,2 3,24,1367.008701,1367.008701,-17.008701,232.991299
21.150,True,2 3,24,1368.302298,1368.302298,-18.302298,231.697702
21.160,True,2 3,24,1369.596507,1369.596507,-19.596507,230.403493
21.170,True,2 3,24,1370.891327,1370.891327,-20.891327,229.108673
21.180,True,2 3,24,1372.186760,1372.186760,-22.186760,227.813240
21.190,True,2 3,24,1373.482804,1373.482804,-23.482804,226.517196
21.200,True,2 3,24,1374.779460,1374.779460,-24.779460,225.220540
21.210,True,2 3,24,1376.076727,1376.076727,-26.076727,223.923273
21.220,True,2 3,24,1377.374607,1377.374607,-27.374607,222.625393
21.230,True,2 3,24,1378.673098,1378.673098,-28.673098,221.326902
21.240,True,2 3,24,1379.972201,1379.972201,-29.972201,220.027799
21.250,True,2 3,24,1381.271916,1381.271916,-31.271916,218.728084
21.260,True,2 3,24,1382.572242,1382.572242,-32.572242,217.427758
21.270,True,2 3,24,1383.873180,1383.873180,-33.873180,216.126820
21.280,True,2 3,24,1385.174730,1385.174730,-35.174730,214.825270
21.290,True,2 3,24,1386.476892,1386.476892,-36.476892,213.523108
21.300,True,2 3,24,1387.779666,1387.779666,-37.779666,212.220334
21.310,True,2 3,24,1389.083051,1389.083051,-39.083051,210.916949
21.320,True,2 3,24,1390.387048,1390.387048,-40.387048,209.612952
21.330,True,2 3,24,1391.691657,1391.691657,-41.691657,208.308343
21.340,True,2 3,24,1392.996878,1392.996878,-42.996878,207.003122
21.350,True,2 3,24,1394.302711,1394.302711,-44.302711,205.697289
21.360,True,2 3,24,1395.609155,1395.609155,-45.609155,204.390845
21.370,True,2 3,24,1396.916211,1396.916211,-46.916211,203.083789
21.380,True,2 3,24,1398.223879,1398.223879,-48.223879,201.776121
21.390,True,2 3,24,1399.532158,1399.532158,-49.532158,200.467842
21.400,True,2 3,24,1400.841050,1400.841050,-50.841050,199.158950
21.410,True,2 3,24,1402.150553,1402.150553,-52.150553,197.849447
21.420,True,2 3,24,1403.460668,1403.460668,-53.460668,196.539332
21.430,True,2 3,24,1404.771394,1404.771394,-54.771394,195.228606
21.440,True,2 3,24,1406.082733,1406.082733,-56.082733,193.917267
21.450,True,2 3,24,1407.394683,1407.394683,-57.394683,192.605317
21.460,True,2 3,24,1408.707245,1408.707245,-58.707245,191.292755
21.470,True,2 3,24,1410.020419,1410.020419,-60.020419,189.979581
21.480,True,2 3,24,1411.334204,1411.334204,-61.334204,188.665796
21.490,True,2 3,24,1412.648602,1412.648602,-62.648602,187.351398
21.500,True,2 3,24,1413.963611,1413.963611,-63.963611,186.036389
21.510,True,2 3,24,1415.279232,1415.279232,-65.279232,184.720768
21.520,True,2 3,24,1416.595464,1416.595464,-66.595464,183.404536
21.530,True,2 3,24,1417.912309,1417.912309,-67.912309,182.087691
21.540,True,2 3,24,1419.229765,1419.229765,-69.229765,180.770235
21.550,True,2 3,24,1420.547833,1420.547833,-70.547833,179.452167
21.560,True,2 3,24,1421.866513,1421.866513,-71.866513,178.133487
21.570,True,2 3,24,1423.185804,1423.185804,-73.185804,176.814196
21.580,True,2 3,24,1424.505707,1424.505707,-74.505707,175.494293
21.590,True,2 3,24,1425.826223,1425.826223,-75.826223,174.173777
21.600,True,2 3,24,1427.147349,1427.147349,-77.147349,172.852651
21.610,True,2 3,24,1428.469088,1428.469088,-78.469088,171.530912
21.620,True,2 3,24,1429.791438,1429.791438,-79.791438,170.208562
21.630,True,2 3,24,1431.114401,1431.114401,-81.114401,168.885599
21.640,True,2 3,24,1432.437975,1432.437975,-82.437975,167.562025
21.650,True,2 3,24,1433.762160,1433.762160,-83.762160,166.237840
21.660,True,2 3,24,1435.086958,1435.086958,-85.086958,164.913042
21.670,True,2 3,24,1436.412367,1436.412367,-86.412367,163.587633
21.680,True,2 3,24,1437.738388,1437.738388,-87.738388,162.261612
21.690,True,2 3,24,1439.065021,1439.065021,-89.065021,160.934979
21.700,True,2 3,24,1440.392265,1440.392265,-90.392265,159.607735
21.710,True,2 3,24,1441.720122,1441.720122,-91.720122,158.279878
21.720,True,2 3,24,1443.048590,1443.048590,-93.048590,156.951410
21.730,True,2 3,24,1444.377670,1444.377670,-94.377670,155.622330
21.740,True,2 3,24,1445.707362,1445.707362,-95.707362,154.292638
21.750,True,2 3,24,1447.037665,1447.037665,-97.037665,152.962335
21.760,True,2 3,24,1448.368580,1448.368580,-98.368580,151.631420
21.770,True,2 3,24,1449.700107,1449.700107,-99.700107,150.299893
21.780,True,2 3,24,1451.032246,1451.032246,-101.032246,148.967754
21.790,True,2 3,24,1452.364997,1452.364997,-102.364997,147.635003
21.800,True,2 3,24,1453.698359,1453.698359,-103.698359,146.301641
21.810,True,2 3,24,1455.032333,1455.032333,-105.032333,144.967667
21.820,True,2 3,24,1456.366919,1456.366919,-106.366919,143.633081
21.830,True,2 3,24,1457.702117,1457.702117,-107.702117,142.297883
21.840,True,2 3,24,1459.037926,1459.037926,-109.037926,140.962074
21.850,True,2 3,24,1460.374347,1460.374347,-110.374347,139.625653
21.860,True,2 3,24,1461.711380,1461.711380,-111.711380,138.288620
21.870,True,2 3,24,1463.049025,1463.049025,-113.049025,136.950975
21.880,True,2 3,24,1464.387281,1464.387281,-114.387281,135.612719
21.890,True,2 3,24,1465.726150,1465.726150,-115.726150,134.273850
21.900,True,2 3,24,1467.065630,1467.065630,-117.065630,132.934370
21.910,True,2 3,24,1468.405722,1468.405722,-118.405722,131.594278
21.920,True,2 3,24,1469.746425,1469.746425,-119.746425,130.253575
21.930,True,2 3,24,1471.087741,1471.087741,-121.087741,128.912259
21.940,True,2 3,24,1472.429668,1472.429668,-122.429668,127.570332
21.950,True,2 3,24,1473.772207,1473.772207,-123.772207,126.227793
21.960,True,2 3,24,1475.115358,1475.115358,-125.115358,124.884642
21.970,True,2 3,24,1476.459120,1476.459120,-126.459120,123.540880
21.980,True,2 3,24,1477.803494,1477.803494,-127.803494,122.196506
21.990,True,2 3,24,1479.148480,1479.148480,-129.148480,120.851520
22.000,True,2 3,24,1480.494078,1480.494078,-130.494078,119.505922
22.010,True,2 3,24,1481.840288,1481.840288,-131.840288,118.159712
22.020,True,2 3,24,1483.187109,1483.187109,-133.187109,116.812891
22.030,True,2 3,24,1484.534542,1484.534542,-134.534542,115.465458
22.040,True,2 3,24,1485.882587,1485.882587,-135.882587,114.117413
22.050,True,2 3,24,1487.231244,1487.231244,-137.231244,112.768756
22.060,True,2 3,24,1488.580512,1488.580512,-138.580512,111.419488
22.070,True,2 3,24,1489.930393,1489.930393,-139.930393,110.069607
22.080,True,2 3,24,1491.280885,1491.280885,-141.280885,108.719115
22.090,True,2 3,24,1492.631988,1492.631988,-142.631988,107.368012
22.100,True,2 3,24,1493.983704,1493.983704,-143.983704,106.016296
22.110,True,2 3,24,1495.336031,1495.336031,-145.336031,104.663969
22.120,True,2 3,24,1496.688970,1496.688970,-146.688970,103.311030
22.130,True,2 3,24,1498.042521,1498.042521,-148.042521,101.957479
22.140,True,2 3,24,1499.396684,1499.396684,-149.396684,100.603316
22.150,True,2 3,24,1500.751458,1500.751458,-150.751458,99.248542
22.160,True,2 3,24,1502.106845,1502.106845,-152.106845,97.893155
22.170,True,2 3,24,1503.462843,1503.462843,-153.462843,96.537157
22.180,True,2 3,24,1504.819452,1504.819452,-154.819452,95.180548
22.190,True,2 3,24,1506.176674,1506.176674,-156.176674,93.823326
22.200,True,2 3,24,1507.534507,1507.534507,-157.534507,92.465493
22.210,True,2 3,24,1508.892952,1508.892952,-158.892952,91.107048
22.220,True,2 3,24,1510.252009,1510.252009,-160.252009,89.747991
22.230,True,2 3,24,1511.611678,1511.611678,-161.611678,88.388322
22.240,True,2 3,24,1512.971958,1512.971958,-162.971958,87.028042
22.250,True,2 3,24,1514.332850,1514.332850,-164.332850,85.667150
22.260,True,2 3,24,1515.694354,1515.694354,-165.694354,84.305646
22.270,True,2 3,24,1517.056470,1517.056470,-167.056470,82.943530
22.280,True,2 3,24,1518.419198,1518.419198,-168.419198,81.580802
22.290,True,2 3,24,1519.782537,1519.782537,-169.782537,80.217463
22.300,True,2 3,24,1521.146488,1521.146488,-171.146488,78.853512
22.310,True,2 3,24,1522.511051,1522.511051,-172.511051,77.488949
22.320,True,2 3,24,1523.876225,1523.876225,-173.876225,76.123775
22.330,True,2 3,24,1525.242012,1525.242012,-175.242012,74.757988
22.340,True,2 3,24,1526.608410,1526.608410,-176.608410,73.391590
22.350,True,2 3,24,1527.975420,1527.975420,-177.975420,72.024580
22.360,True,2 3,24,1529.343041,1529.343041,-179.343041,70.656959
22.370,True,2 3,24,1530.711275,1530.711275,-180.711275,69.288725
22.380,True,2 3,24,1532.080120,1532.080120,-182.080120,67.919880
22.390,True,2 3,24,1533.449577,1533.449577,-183.449577,66.550423
22.400,True,2 3,24,1534.819646,1534.819646,-184.819646,65.180354
22.410,True,2 3,24,1536.190327,1536.190327,-186.190327,63.809673
22.420,True,2 3,24,1537.561619,1537.561619,-187.561619,62.438381
22.430,True,2 3,24,1538.933523,1538.933523,-188.933523,61.066477
22.440,True,2 3,24,1540.306039,1540.306039,-190.306039,59.693961
22.450,True,2 3,24,1541.679167,1541.679167,-191.679167,58.320833
22.460,True,2 3,24,1543.052906,1543.052906,-193.052906,56.947094
22.470,True,2 3,24,1544.427257,1544.427257,-194.427257,55.572743
22.480,True,2 3,24,1545.802220,1545.802220,-195.802220,54.197780
22.490,True,2 3,24,1547.177795,1547.177795,-197.177795,52.822205
22.500,True,2 3,24,1548.553982,1548.553982,-198.553982,51.446018
22.510,True,2 3,24,1549.930780,1549.930780,-199.930780,50.069220
22.520,True,2 3,24,1551.308190,1551.308190,-201.308190,48.691810
22.530,True,2 3,24,1552.686212,1552.686212,-202.686212,47.313788
22.540,True,2 3,24,1554.064845,1554.064845,-204.064845,45.935155
22.550,True,2 3,24,1555.444091,1555.444091,-205.444091,44.555909
22.560,True,2 3,24,1556.823948,1556.823948,-206.823948,43.176052
22.570,True,2 3,24,1558.204417,1558.204417,-208.204417,41.795583
22.580,True,2 3,24,1559.585498,1559.585498,-209.585498,40.414502
22.590,True,2 3,24,1560.967190,1560.967190,-210.967190,39.032810
22.600,True,2 3,24,1562.349495,1562.349495,-212.349495,37.650505
22.610,True,2 3,24,1563.732411,1563.732411,-213.732411,36.267589
22.620,True,2 3,24,1565.115938,1565.115938,-215.115938,34.884062
22.630,True,2 3,24,1566.500078,1566.500078,-216.500078,33.499922
22.640,True,2 3,24,1567.884829,1567.884829,-217.884829,32.115171
22.650,True,2 3,24,1569.270193,1569.270193,-219.270193,30.729807
22.660,True,2 3,24,1570.656168,1570.656168,-220.656168,29.343832
22.670,True,2 3,24,1572.042754,1572.042754,-222.042754,27.957246
22.680,True,2 3,24,1573.429953,1573.429953,-223.429953,26.570047
22.690,True,2 3,24,1574.817763,1574.817763,-224.817763,25.182237
22.700,True,2 3,24,1576.206185,1576.206185,-226.206185,23.793815
22.710,True,2 3,24,1577.595219,1577.595219,-227.595219,22.404781
22.720,True,2 3,24,1578.984864,1578.984864,-228.984864,21.015136
22.730,True,2 3,24,1580.375122,1580.375122,-230.375122,19.624878
22.740,True,2 3,24,1581.765991,1581.765991,-231.765991,18.234009
22.750,True,2 3,24,1583.157472,1583.157472,-233.157472,16.842528
22.760,True,2 3,24,1584.549564,1584.549564,-234.549564,15.450436
22.770,True,2 3,24,1585.942269,1585.942269,-235.942269,14.057731
22.780,True,2 3,24,1587.335585,1587.335585,-237.335585,12.664415
22.790,True,2 3,24,1588.729513,1588.729513,-238.729513,11.270487
22.800,True,2 3,24,1590.124053,1590.124053,-240.124053,9.875947
22.810,True,2 3,24,1591.519204,1591.519204,-241.519204,8.480796
22.820,True,2 3,24,1592.914968,1592.914968,-242.914968,7.085032
22.830,True,2 3,24,1594.311343,1594.311343,-244.311343,5.688657
22.840,True,2 3,24,1595.708330,1595.708330,-245.708330,4.291670
22.850,True,2 3,24,1597.105928,1597.105928,-247.105928,2.894072
22.860,True,2 3,24,1598.504139,1598.504139,-248.504139,1.495861
22.870,True,2 3,24,1599.902961,1599.902961,-249.902961,0.097039
22.880,True,1 2 3,25,1537.250299,1537.250299,-187.250299,62.749701
22.890,True,1 2 3,25,1538.594343,1538.594343,-188.594343,61.405657
22.900,True,1 2 3,25,1539.938974,1539.938974,-189.938974,60.061026
22.910,True,1 2 3,25,1541.284193,1541.284193,-191.284193,58.715807
22.920,True,1 2 3,25,1542.629999,1542.629999,-192.629999,57.370001
22.930,True,1 2 3,25,1543.976392,1543.976392,-193.976392,56.023608
22.940,True,1 2 3,25,1545.323372,1545.323372,-195.323372,54.676628
22.950,True,1 2 3,25,1546.670940,1546.670940,-196.670940,53.329060
22.960,True,1 2 3,25,1548.019095,1548.019095,-198.019095,51.980905
22.970,True,1 2 3,25,1549.367837,1549.367837,-199.367837,50.632163
22.980,True,1 2 3,25,1550.717167,1550.717167,-200.717167,49.282833
22.990,True,1 2 3,25,1552.067084,1552.067084,-202.067084,47.932916
23.000,True,1 2 3,25,1553.417588,1553.417588,-203.417588,46.582412
23.010,True,1 2 3,25,1554.768680,1554.768680,-204.768680,45.231320
23.020,True,1 2 3,25,1556.120359,1556.120359,-206.120359,43.879641
23.030,True,1 2 3,25,1557.472625,1557.472625,-207.472625,42.527375
23.040,True,1 2 3,25,1558.825478,1558.825478,-208.825478,41.174522
23.050,True,1 2 3,25,1560.178919,1560.178919,-210.178919,39.821081
23.060,True,1 2 3,25,1561.532947,1561.532947,-211.532947,38.467053
23.070,True,1 2 3,25,1562.887562,1562.887562,-212.887562,37.112438
23.080,True,1 2 3,25,1564.242765,1564.242765,-214.242765,35.757235
23.090,True,1 2 3,25,1565.598555,1565.598555,-215.598555,34.401445
23.100,True,1 2 3,25,1566.954932,1566.954932,-216.954932,33.045068
23.110,True,1 2 3,25,1568.311897,1568.311897,-218.311897,31.688103
23.120,True,1 2 3,25,1569.669449,1569.669449,-219.669449,30.330551
23.130,True,1 2 3,25,1571.027588,1571.027588,-221.027588,28.972412
23.140,True,1 2 3,25,1572.386314,1572.386314,-222.386314,27.613686
23.150,True,1 2 3,25,1573.745628,1573.745628,-223.745628,26.254372
23.160,True,1 2 3,25,1575.105529,1575.105529,-225.105529,24.894471
23.170,True,1 2 3,25,1576.466018,1576.466018,-226.466018,23.533982
23.180,True,1 2 3,25,1577.827094,1577.827094,-227.827094,22.172906
23.190,True,1 2 3,25,1579.188757,1579.188757,-229.188757,20.811243
23.200,True,1 2 3,25,1580.551007,1580.551007,-230.551007,19.448993
23.210,True,1 2 3,25,1581.913844,1581.913844,-231.913844,18.086156
23.220,True,1 2 3,25,1583.277269,1583.277269,-233.277269,16.722731
23.230,True,1 2 3,25,1584.641282,1584.641282,-234.641282,15.358718
23.240,True,1 2 3,25,1586.005881,1586.005881,-236.005881,13.994119
23.250,True,1 2 3,25,1587.371068,1587.371068,-237.371068,12.628932
23.260,True,1 2 3,25,1588.736842,1588.736842,-238.736842,11.263158
23.270,True,1 2 3,25,1590.103204,1590.103204,-240.103204,9.896796
23.280,True,1 2 3,25,1591.470152,1591.470152,-241.470152,8.529848
23.290,True,1 2 3,25,1592.837688,1592.837688,-242.837688,7.162312
23.300,True,1 2 3,25,1594.205812,1594.205812,-244.205812,5.794188
23.310,True,1 2 3,25,1595.574522,1595.574522,-245.574522,4.425478
23.320,True,1 2 3,25,1596.943820,1596.943820,-246.943820,3.056180
23.330,True,1 2 3,25,1598.313706,1598.313706,-248.313706,1.686294
23.340,True,1 2 3,25,1599.684178,1599.684178,-249.684178,0.315822
23.350,True,2 3 5,26,1539.476190,1539.476190,-189.476190,60.523810
23.360,True,2 3 5,26,1540.795082,1540.795082,-190.795082,59.204918
23.370,True,2 3 5,26,1542.114538,1542.114538,-192.114538,57.885462
23.380,True,2 3 5,26,1543.434559,1543.434559,-193.434559,56.565441
23.390,True,2 3 5,26,1544.755145,1544.755145,-194.755145,55.244855
23.400,True,2 3 5,26,1546.076295,1546.076295,-196.076295,53.923705
23.410,True,2 3 5,26,1547.398010,1547.398010,-197.398010,52.601990
23.420,True,2 3 5,26,1548.720290,1548.720290,-198.720290,51.279710
23.430,True,2 3 5,26,1550.043135,1550.043135,-200.043135,49.956865
23.440,True,2 3 5,26,1551.366544,1551.366544,-201.366544,48.633456
23.450,True,2 3 5,26,1552.690518,1552.690518,-202.690518,47.309482
23.460,True,2 3 5,26,1554.015056,1554.015056,-204.015056,45.984944
23.470,True,2 3 5,26,1555.340160,1555.340160,-205.340160,44.659840
23.480,True,2 3 5,26,1556.665828,1556.665828,-206.665828,43.334172
23.490,True,2 3 5,26,1557.992061,1557.992061,-207.992061,42.007939
23.500,True,2 3 5,26,1559.318858,1559.318858,-209.318858,40.681142
23.510,True,2 3 5,26,1560.646220,1560.646220,-210.646220,39.353780
23.520,True,2 3 5,26,1561.974147,1561.974147,-211.974147,38.025853
23.530,True,2 3 5,26,1563.302639,1563.302639,-213.302639,36.697361
23.540,True,2 3 5,26,1564.631695,1564.631695,-214.631695,35.368305
23.550,True,2 3 5,26,1565.961317,1565.961317,-215.961317,34.038683
23.560,True,2 3 5,26,1567.291502,1567.291502,-217.291502,32.708498
23.570,True,2 3 5,26,1568.622253,1568.622253,-218.622253,31.377747
23.580,True,2 3 5,26,1569.953568,1569.953568,-219.953568,30.046432
23.590,True,2 3 5,26,1571.285448,1571.285448,-221.285448,28.714552
23.600,True,2 3 5,26,1572.617893,1572.617893,-222.617893,27.382107
23.610,True,2 3 5,26,1573.950902,1573.950902,-223.950902,26.049098
23.620,True,2 3 5,26,1575.284476,1575.284476,-225.284476,24.715524
23.630,True,2 3 5,26,1576.618615,1576.618615,-226.618615,23.381385
23.640,True,2 3 5,26,1577.953319,1577.953319,-227.953319,22.046681
23.650,True,2 3 5,26,1579.288587,1579.288587,-229.288587,20.711413
23.660,True,2 3 5,26,1580.624420,1580.624420,-230.624420,19.375580
23.670,True,2 3 5,26,1581.960817,1581.960817,-231.960817,18.039183
23.680,True,2 3 5,26,1583.297780,1583.297780,-233.297780,16.702220
23.690,True,2 3 5,26,1584.635307,1584.635307,-234.635307,15.364693
23.700,True,2 3 5,26,1585.973399,1585.973399,-235.973399,14.026601
23.710,True,2 3 5,26,1587.312055,1587.312055,-237.312055,12.687945
23.720,True,2 3 5,26,1588.651277,1588.651277,-238.651277,11.348723
23.730,True,2 3 5,26,1589.991063,1589.991063,-239.991063,10.008937
23.740,True,2 3 5,26,1591.331413,1591.331413,-241.331413,8.668587
23.750,True,2 3 5,26,1592.672329,1592.672329,-242.672329,7.327671
23.760,True,2 3 5,26,1594.013809,1594.013809,-244.013809,5.986191
23.770,True,2 3 5,26,1595.355854,1595.355854,-245.355854,4.644146
23.780,True,2 3 5,26,1596.698463,1596.698463,-246.698463,3.301537
23.790,True,2 3 5,26,1598.041637,1598.041637,-248.041637,1.958363
23.800,True,2 3 5,26,1599.385376,1599.385376,-249.385376,0.614624
23.810,True,2 3 4,28,1486.391846,1486.391846,-136.391846,113.608154
23.820,True,2 3 4,28,1487.640652,1487.640652,-137.640652,112.359348
23.830,True,2 3 4,28,1488.889983,1488.889983,-138.889983,111.110017
23.840,True,2 3 4,28,1490.139838,1490.139838,-140.139838,109.860162
23.850,True,2 3 4,28,1491.390217,1491.390217,-141.390217,108.609783
23.860,True,2 3 4,28,1492.641121,1492.641121,-142.641121,107.358879
23.870,True,2 3 4,28,1493.892550,1493.892550,-143.892550,106.107450
23.880,True,2 3 4,28,1495.144502,1495.144502,-145.144502,104.855498
23.890,True,2 3 4,28,1496.396979,1496.396979,-146.396979,103.603021
23.900,True,2 3 4,28,1497.649981,1497.649981,-147.649981,102.350019
23.910,True,2 3 4,28,1498.903506,1498.903506,-148.903506,101.096494
23.920,True,2 3 4,28,1500.157557,1500.157557,-150.157557,99.842443
23.930,True,2 3 4,28,1501.412131,1501.412131,-151.412131,98.587869
23.940,True,2 3 4,28,1502.667230,1502.667230,-152.667230,97.332770
23.950,True,2 3 4,28,1503.922853,1503.922853,-153.922853,96.077147
23.960,True,2 3 4,28,1505.179001,1505.179001,-155.179001,94.820999
23.970,True,2 3 4,28,1506.435673,1506.435673,-156.435673,93.564327
23.980,True,2 3 4,28,1507.692869,1507.692869,-157.692869,92.307131
23.990,True,2 3 4,28,1508.950590,1508.950590,-158.950590,91.049410
24.000,True,2 3 4,28,1510.208835,1510.208835,-160.208835,89.791165
