energy_keV,reachable,holders,elements,focal_length_mm,image_distance_mm,z_mm,z_margin_mm
2.100,True,9,1,604.930768,604.930768,10.069232,60.069232
2.110,True,9,1,610.705731,610.705731,4.294269,54.294269
2.120,True,9,1,616.508128,616.508128,-1.508128,48.491872
2.130,True,9,1,622.337960,622.337960,-7.337960,42.662040
2.140,True,9,1,628.195226,628.195226,-13.195226,36.804774
2.150,True,9,1,634.079926,634.079926,-19.079926,30.920074
2.160,True,9,1,639.992062,639.992062,-24.992062,25.007938
2.170,True,9,1,645.931631,645.931631,-30.931631,19.068369
2.180,True,9,1,651.898635,651.898635,-36.898635,13.101365
2.190,True,9,1,657.893074,657.893074,-42.893074,7.106926
2.200,True,9,1,663.914947,663.914947,-48.914947,1.085053
2.210,True,9 11,2,478.545896,478.545896,136.454104,113.545896
2.220,True,9 11,2,482.886427,482.886427,132.113573,117.886427
2.230,True,9 11,2,487.246553,487.246553,127.753447,122.246553
2.240,True,9 11,2,491.626275,491.626275,123.373725,126.626275
2.250,True,9 11,2,496.025593,496.025593,118.974407,131.025593
2.260,True,9 11,2,500.444508,500.444508,114.555492,135.444508
2.270,True,9 11,2,504.883018,504.883018,110.116982,139.883018
2.280,True,9 11,2,509.341125,509.341125,105.658875,144.341125
2.290,True,9 11,2,513.818827,513.818827,101.181173,148.818827
2.300,True,9 11,2,518.316126,518.316126,96.683874,146.683874
2.310,True,9 11,2,522.833021,522.833021,92.166979,142.166979
2.320,True,9 11,2,527.369512,527.369512,87.630488,137.630488
2.330,True,9 11,2,531.925599,531.925599,83.074401,133.074401
2.340,True,9 11,2,536.501282,536.501282,78.498718,128.498718
2.350,True,9 11,2,541.096561,541.096561,73.903439,123.903439
2.360,True,9 11,2,545.711436,545.711436,69.288564,119.288564
2.370,True,9 11,2,550.345907,550.345907,64.654093,114.654093
2.380,True,9 11,2,554.999975,554.999975,60.000025,110.000025
2.390,True,9 11,2,559.673638,559.673638,55.326362,105.326362
2.400,True,9 11,2,564.366897,564.366897,50.633103,100.633103
2.410,True,9 11,2,569.079753,569.079753,45.920247,95.920247
2.420,True,9 11,2,573.812204,573.812204,41.187796,91.187796
2.430,True,9 11,2,578.564252,578.564252,36.435748,86.435748
2.440,True,9 11,2,583.335896,583.335896,31.664104,81.664104
2.450,True,9 11,2,588.127136,588.127136,26.872864,76.872864
2.460,True,9 11,2,592.937972,592.937972,22.062028,72.062028
2.470,True,9 11,2,597.768403,597.768403,17.231597,67.231597
2.480,True,9 11,2,602.618431,602.618431,12.381569,62.381569
2.490,True,9 11,2,607.488056,607.488056,7.511944,57.511944
2.500,True,9 11,2,612.377276,612.377276,2.622724,52.622724
2.510,True,9 11,2,617.286092,617.286092,-2.286092,47.713908
2.520,True,9 11,2,622.214504,622.214504,-7.214504,42.785496
2.530,True,9 11,2,627.162513,627.162513,-12.162513,37.837487
2.540,True,9 11,2,632.130117,632.130117,-17.130117,32.869883
2.550,True,9 11,2,637.117318,637.117318,-22.117318,27.882682
2.560,True,9 11,2,642.124114,642.124114,-27.124114,22.875886
2.570,True,9 11,2,647.150507,647.150507,-32.150507,17.849493
2.580,True,9 11,2,652.196496,652.196496,-37.196496,12.803504
2.590,True,9 11,2,657.262081,657.262081,-42.262081,7.737919
2.600,True,9 11,2,662.347261,662.347261,-47.347261,2.652739
2.610,False,,,,,,
2.620,False,,,,,,
2.630,False,,,,,,
2.640,False,,,,,,
2.650,False,,,,,,
2.660,False,,,,,,
2.670,False,,,,,,
2.680,False,,,,,,
2.690,False,,,,,,
2.700,False,,,,,,
2.710,False,,,,,,
2.720,False,,,,,,
2.730,False,,,,,,
2.740,False,,,,,,
2.750,False,,,,,,
2.760,False,,,,,,
2.770,False,,,,,,
2.780,False,,,,,,
2.790,False,,,,,,
2.800,False,,,,,,
2.810,False,,,,,,
2.820,False,,,,,,
2.830,False,,,,,,
2.840,False,,,,,,
2.850,False,,,,,,
2.860,False,,,,,,
2.870,False,,,,,,
2.880,False,,,,,,
2.890,False,,,,,,
2.900,False,,,,,,
2.910,False,,,,,,
2.920,True,10,8,365.496152,365.496152,249.503848,0.496152
2.930,True,10,8,368.003837,368.003837,246.996163,3.003837
2.940,True,10,8,370.520095,370.520095,244.479905,5.520095
2.950,True,10,8,373.044927,373.044927,241.955073,8.044927
2.960,True,10,8,375.578332,375.578332,239.421668,10.578332
2.970,True,10,8,378.120310,378.120310,236.879690,13.120310
2.980,True,10,8,380.670861,380.670861,234.329139,15.670861
2.990,True,10,8,383.229986,383.229986,231.770014,18.229986
3.000,True,10,8,385.797684,385.797684,229.202316,20.797684
3.010,True,10,8,388.373955,388.373955,226.626045,23.373955
3.020,True,10,8,390.958799,390.958799,224.041201,25.958799
3.030,True,10,8,393.552217,393.552217,221.447783,28.552217
3.040,True,10,8,396.154208,396.154208,218.845792,31.154208
3.050,True,10,8,398.764773,398.764773,216.235227,33.764773
3.060,True,10,8,401.383910,401.383910,213.616090,36.383910
3.070,True,10,8,404.011621,404.011621,210.988379,39.011621
3.080,True,10,8,406.647905,406.647905,208.352095,41.647905
3.090,True,10,8,409.292763,409.292763,205.707237,44.292763
3.100,True,10,8,411.946193,411.946193,203.053807,46.946193
3.110,True,10,8,414.608197,414.608197,200.391803,49.608197
3.120,True,10,8,417.278775,417.278775,197.721225,52.278775
3.130,True,10,8,419.957925,419.957925,195.042075,54.957925
3.140,True,10,8,422.645649,422.645649,192.354351,57.645649
3.150,True,10,8,425.341946,425.341946,189.658054,60.341946
3.160,True,10,8,428.046817,428.046817,186.953183,63.046817
3.170,True,10,8,430.760260,430.760260,184.239740,65.760260
3.180,True,10,8,433.482277,433.482277,181.517723,68.482277
3.190,True,10,8,436.212868,436.212868,178.787132,71.212868
3.200,True,10,8,438.952031,438.952031,176.047969,73.952031
3.210,True,10,8,441.699768,441.699768,173.300232,76.699768
3.220,True,10,8,444.456078,444.456078,170.543922,79.456078
3.230,True,10,8,447.220962,447.220962,167.779038,82.220962
3.240,True,10,8,449.994418,449.994418,165.005582,84.994418
3.250,True,10,8,452.776448,452.776448,162.223552,87.776448
3.260,True,10,8,455.567052,455.567052,159.432948,90.567052
3.270,True,1,1,366.692982,366.692982,248.307018,1.692982
3.280,True,1,1,368.939182,368.939182,246.060818,3.939182
3.290,True,1,1,371.192241,371.192241,243.807759,6.192241
3.300,True,1,1,373.452158,373.452158,241.547842,8.452158
3.310,True,1,1,375.718934,375.718934,239.281066,10.718934
3.320,True,1,1,377.992568,377.992568,237.007432,12.992568
3.330,True,1,1,380.273061,380.273061,234.726939,15.273061
3.340,True,1,1,382.560412,382.560412,232.439588,17.560412
3.350,True,1,1,384.854623,384.854623,230.145377,19.854623
3.360,True,1,1,387.155692,387.155692,227.844308,22.155692
3.370,True,1,1,389.463619,389.463619,225.536381,24.463619
3.380,True,1,1,391.778405,391.778405,223.221595,26.778405
3.390,True,1,1,394.100050,394.100050,220.899950,29.100050
3.400,True,1,1,396.428553,396.428553,218.571447,31.428553
3.410,True,1,1,398.763915,398.763915,216.236085,33.763915
3.420,True,1,1,401.106136,401.106136,213.893864,36.106136
3.430,True,1,1,403.455215,403.455215,211.544785,38.455215
3.440,True,1,1,405.811153,405.811153,209.188847,40.811153
3.450,True,1,1,408.173949,408.173949,206.826051,43.173949
3.460,True,1,1,410.543604,410.543604,204.456396,45.543604
3.470,True,1,1,412.920118,412.920118,202.079882,47.920118
3.480,True,1,1,415.303491,415.303491,199.696509,50.303491
3.490,True,1,1,417.693722,417.693722,197.306278,52.693722
3.500,True,1,1,420.090811,420.090811,194.909189,55.090811
3.510,True,1,1,422.494759,422.494759,192.505241,57.494759
3.520,True,1,1,424.905566,424.905566,190.094434,59.905566
3.530,True,1,1,427.323232,427.323232,187.676768,62.323232
3.540,True,1,1,429.747756,429.747756,185.252244,64.747756
3.550,True,1,1,432.179139,432.179139,182.820861,67.179139
3.560,True,1,1,434.617380,434.617380,180.382620,69.617380
3.570,True,1,1,437.062480,437.062480,177.937520,72.062480
3.580,True,1,1,439.514439,439.514439,175.485561,74.514439
3.590,True,1,1,441.973256,441.973256,173.026744,76.973256
3.600,True,1,1,444.438932,444.438932,170.561068,79.438932
3.610,True,1,1,446.911466,446.911466,168.088534,81.911466
3.620,True,1,1,449.390859,449.390859,165.609141,84.390859
3.630,True,1,1,451.877111,451.877111,163.122889,86.877111
3.640,True,1,1,454.370221,454.370221,160.629779,89.370221
3.650,True,1,1,456.870190,456.870190,158.129810,91.870190
3.660,True,1,1,459.377018,459.377018,155.622982,94.377018
3.670,True,1,1,461.890704,461.890704,153.109296,96.890704
3.680,True,1,1,464.411249,464.411249,150.588751,99.411249
3.690,True,1,1,466.938653,466.938653,148.061347,101.938653
3.700,True,1,1,469.472915,469.472915,145.527085,104.472915
3.710,True,1,1,472.014035,472.014035,142.985965,107.014035
3.720,True,1,1,474.562015,474.562015,140.437985,109.562015
3.730,True,1,1,477.116853,477.116853,137.883147,112.116853
3.740,True,1,1,479.678549,479.678549,135.321451,114.678549
3.750,True,1,1,482.247105,482.247105,132.752895,117.247105
3.760,True,1,1,484.822519,484.822519,130.177481,119.822519
3.770,True,1,1,487.404791,487.404791,127.595209,122.404791
3.780,True,1,1,489.993922,489.993922,125.006078,124.993922
3.790,True,1,1,492.589912,492.589912,122.410088,127.589912
3.800,True,1,1,495.192760,495.192760,119.807240,130.192760
3.810,True,1,1,497.802467,497.802467,117.197533,132.802467
3.820,True,1,1,500.419033,500.419033,114.580967,135.419033
3.830,True,1,1,503.042457,503.042457,111.957543,138.042457
3.840,True,1,1,505.672740,505.672740,109.327260,140.672740
3.850,True,1,1,508.309882,508.309882,106.690118,143.309882
3.860,True,1,1,510.953882,510.953882,104.046118,145.953882
3.870,True,1,1,513.604740,513.604740,101.395260,148.604740
3.880,True,1,1,516.262458,516.262458,98.737542,148.737542
3.890,True,1,1,518.927034,518.927034,96.072966,146.072966
3.900,True,1,1,521.598468,521.598468,93.401532,143.401532
3.910,True,1,1,524.276762,524.276762,90.723238,140.723238
3.920,True,1,1,526.961914,526.961914,88.038086,138.038086
3.930,True,1,1,529.653924,529.653924,85.346076,135.346076
3.940,True,1,1,532.352793,532.352793,82.647207,132.647207
3.950,True,1,1,535.058521,535.058521,79.941479,129.941479
3.960,True,1,1,537.771107,537.771107,77.228893,127.228893
3.970,True,1,1,540.490552,540.490552,74.509448,124.509448
3.980,True,1,1,543.216856,543.216856,71.783144,121.783144
3.990,True,1,1,545.950018,545.950018,69.049982,119.049982
4.000,True,1,1,548.690039,548.690039,66.309961,116.309961
4.010,True,1,1,551.436919,551.436919,63.563081,113.563081
4.020,True,1,1,554.190657,554.190657,60.809343,110.809343
4.030,True,1,1,556.951253,556.951253,58.048747,108.048747
4.040,True,1,1,559.718709,559.718709,55.281291,105.281291
4.050,True,1,1,562.493023,562.493023,52.506977,102.506977
4.060,True,1,1,565.274196,565.274196,49.725804,99.725804
4.070,True,1,1,568.062227,568.062227,46.937773,96.937773
4.080,True,1,1,570.857117,570.857117,44.142883,94.142883
4.090,True,1,1,573.658865,573.658865,41.341135,91.341135
4.100,True,1,1,576.467472,576.467472,38.532528,88.532528
4.110,True,1,1,579.282938,579.282938,35.717062,85.717062
4.120,True,1,1,582.105262,582.105262,32.894738,82.894738
4.130,True,1,1,584.934445,584.934445,30.065555,80.065555
4.140,True,1,1,587.770487,587.770487,27.229513,77.229513
4.150,True,1,1,590.613387,590.613387,24.386613,74.386613
4.160,True,1,1,593.463146,593.463146,21.536854,71.536854
4.170,True,1,1,596.319764,596.319764,18.680236,68.680236
4.180,True,1,1,599.183240,599.183240,15.816760,65.816760
4.190,True,1,1,602.053575,602.053575,12.946425,62.946425
4.200,True,1,1,604.930768,604.930768,10.069232,60.069232
4.210,True,1,1,607.814820,607.814820,7.185180,57.185180
4.220,True,1,1,610.705731,610.705731,4.294269,54.294269
4.230,True,1,1,613.603500,613.603500,1.396500,51.396500
4.240,True,1,1,616.508128,616.508128,-1.508128,48.491872
4.250,True,1,1,619.419614,619.419614,-4.419614,45.580386
4.260,True,1,1,622.337960,622.337960,-7.337960,42.662040
4.270,True,1,1,625.263163,625.263163,-10.263163,39.736837
4.280,True,1,1,628.195226,628.195226,-13.195226,36.804774
4.290,True,1,1,631.134147,631.134147,-16.134147,33.865853
4.300,True,1,1,634.079926,634.079926,-19.079926,30.920074
4.310,True,1,1,637.032565,637.032565,-22.032565,27.967435
4.320,True,1,1,639.992062,639.992062,-24.992062,25.007938
4.330,True,1,1,642.958417,642.958417,-27.958417,22.041583
4.340,True,1,1,645.931631,645.931631,-30.931631,19.068369
4.350,True,1,1,648.911704,648.911704,-33.911704,16.088296
4.360,True,1,1,651.898635,651.898635,-36.898635,13.101365
4.370,True,1,1,654.892425,654.892425,-39.892425,10.107575
4.380,True,1,1,657.893074,657.893074,-42.893074,7.106926
4.390,True,1,1,660.900581,660.900581,-45.900581,4.099419
4.400,True,1,1,663.914947,663.914947,-48.914947,1.085053
4.410,True,1 9,2,533.548937,533.548937,81.451063,131.451063
4.420,True,1 9,2,535.971404,535.971404,79.028596,129.028596
4.430,True,1 9,2,538.399357,538.399357,76.600643,126.600643
4.440,True,1 9,2,540.832798,540.832798,74.167202,124.167202
4.450,True,1 9,2,543.271725,543.271725,71.728275,121.728275
4.460,True,1 9,2,545.716139,545.716139,69.283861,119.283861
4.470,True,1 9,2,548.166040,548.166040,66.833960,116.833960
4.480,True,1 9,2,550.621428,550.621428,64.378572,114.378572
4.490,True,1 9,2,553.082303,553.082303,61.917697,111.917697
4.500,True,1 9,2,555.548665,555.548665,59.451335,109.451335
4.510,True,1 9,2,558.020513,558.020513,56.979487,106.979487
4.520,True,1 9,2,560.497849,560.497849,54.502151,104.502151
4.530,True,1 9,2,562.980671,562.980671,52.019329,102.019329
4.540,True,1 9,2,565.468980,565.468980,49.531020,99.531020
4.550,True,1 9,2,567.962777,567.962777,47.037223,97.037223
4.560,True,1 9,2,570.462060,570.462060,44.537940,94.537940
4.570,True,1 9,2,572.966830,572.966830,42.033170,92.033170
4.580,True,1 9,2,575.477087,575.477087,39.522913,89.522913
4.590,True,1 9,2,577.992831,577.992831,37.007169,87.007169
4.600,True,1 9,2,580.514061,580.514061,34.485939,84.485939
4.610,True,1 9,2,583.040779,583.040779,31.959221,81.959221
4.620,True,5,2,365.983115,365.983115,249.016885,0.983115
4.630,True,5,2,367.569172,367.569172,247.430828,2.569172
4.640,True,5,2,369.158658,369.158658,245.841342,4.158658
4.650,True,5,2,370.751574,370.751574,244.248426,5.751574
4.660,True,5,2,372.347919,372.347919,242.652081,7.347919
4.670,True,5,2,373.947694,373.947694,241.052306,8.947694
4.680,True,5,2,375.550897,375.550897,239.449103,10.550897
4.690,True,5,2,377.157530,377.157530,237.842470,12.157530
4.700,True,5,2,378.767593,378.767593,236.232407,13.767593
4.710,True,5,2,380.381084,380.381084,234.618916,15.381084
4.720,True,5,2,381.998005,381.998005,233.001995,16.998005
4.730,True,5,2,383.618355,383.618355,231.381645,18.618355
4.740,True,5,2,385.242135,385.242135,229.757865,20.242135
4.750,True,5,2,386.869344,386.869344,228.130656,21.869344
4.760,True,5,2,388.499982,388.499982,226.500018,23.499982
4.770,True,5,2,390.134050,390.134050,224.865950,25.134050
4.780,True,5,2,391.771547,391.771547,223.228453,26.771547
4.790,True,5,2,393.412473,393.412473,221.587527,28.412473
4.800,True,5,2,395.056828,395.056828,219.943172,30.056828
4.810,True,5,2,396.704613,396.704613,218.295387,31.704613
4.820,True,5,2,398.355827,398.355827,216.644173,33.355827
4.830,True,5,2,400.010470,400.010470,214.989530,35.010470
4.840,True,5,2,401.668543,401.668543,213.331457,36.668543
4.850,True,5,2,403.330045,403.330045,211.669955,38.330045
4.860,True,5,2,404.994976,404.994976,210.005024,39.994976
4.870,True,5,2,406.663337,406.663337,208.336663,41.663337
4.880,True,5,2,408.335127,408.335127,206.664873,43.335127
4.890,True,5,2,410.010346,410.010346,204.989654,45.010346
4.900,True,5,2,411.688995,411.688995,203.311005,46.688995
4.910,True,5,2,413.371073,413.371073,201.628927,48.371073
4.920,True,5,2,415.056580,415.056580,199.943420,50.056580
4.930,True,5,2,416.745517,416.745517,198.254483,51.745517
4.940,True,5,2,418.437882,418.437882,196.562118,53.437882
4.950,True,5,2,420.133678,420.133678,194.866322,55.133678
4.960,True,5,2,421.832902,421.832902,193.167098,56.832902
4.970,True,5,2,423.535556,423.535556,191.464444,58.535556
4.980,True,5,2,425.241639,425.241639,189.758361,60.241639
4.990,True,5,2,426.951151,426.951151,188.048849,61.951151
5.000,True,5,2,428.664093,428.664093,186.335907,63.664093
5.010,True,5,2,430.380464,430.380464,184.619536,65.380464
5.020,True,5,2,432.100264,432.100264,182.899736,67.100264
5.030,True,5,2,433.823494,433.823494,181.176506,68.823494
5.040,True,5,2,435.550153,435.550153,179.449847,70.550153
5.050,True,5,2,437.280241,437.280241,177.719759,72.280241
5.060,True,5,2,439.013759,439.013759,175.986241,74.013759
5.070,True,5,2,440.750706,440.750706,174.249294,75.750706
5.080,True,5,2,442.491082,442.491082,172.508918,77.491082
5.090,True,5,2,444.234888,444.234888,170.765112,79.234888
5.100,True,5,2,445.982122,445.982122,169.017878,80.982122
5.110,True,5,2,447.732787,447.732787,167.267213,82.732787
5.120,True,5,2,449.486880,449.486880,165.513120,84.486880
5.130,True,5,2,451.244403,451.244403,163.755597,86.244403
5.140,True,5,2,453.005355,453.005355,161.994645,88.005355
5.150,True,5,2,454.769736,454.769736,160.230264,89.769736
5.160,True,5,2,456.537547,456.537547,158.462453,91.537547
5.170,True,5,2,458.308787,458.308787,156.691213,93.308787
5.180,True,5,2,460.083456,460.083456,154.916544,95.083456
5.190,True,5,2,461.861555,461.861555,153.138445,96.861555
5.200,True,5,2,463.643083,463.643083,151.356917,98.643083
5.210,True,5,2,465.428040,465.428040,149.571960,100.428040
5.220,True,5,2,467.216427,467.216427,147.783573,102.216427
5.230,True,5,2,469.008243,469.008243,145.991757,104.008243
5.240,True,5,2,470.803488,470.803488,144.196512,105.803488
5.250,True,5,2,472.602163,472.602163,142.397837,107.602163
5.260,True,5,2,474.404266,474.404266,140.595734,109.404266
5.270,True,5,2,476.209800,476.209800,138.790200,111.209800
5.280,True,5,2,478.018762,478.018762,136.981238,113.018762
5.290,True,5,2,479.831154,479.831154,135.168846,114.831154
5.300,True,5,2,481.646975,481.646975,133.353025,116.646975
5.310,True,5,2,483.466225,483.466225,131.533775,118.466225
5.320,True,5,2,485.288905,485.288905,129.711095,120.288905
5.330,True,5,2,487.115014,487.115014,127.884986,122.115014
5.340,True,5,2,488.944552,488.944552,126.055448,123.944552
5.350,True,5,2,490.777520,490.777520,124.222480,125.777520
5.360,True,5,2,492.613917,492.613917,122.386083,127.613917
5.370,True,5,2,494.453743,494.453743,120.546257,129.453743
5.380,True,5,2,496.296999,496.296999,118.703001,131.296999
5.390,True,5,2,498.143684,498.143684,116.856316,133.143684
5.400,True,5,2,499.993798,499.993798,115.006202,134.993798
5.410,True,5,2,501.847342,501.847342,113.152658,136.847342
5.420,True,5,2,503.704314,503.704314,111.295686,138.704314
5.430,True,5,2,505.564717,505.564717,109.435283,140.564717
5.440,True,5,2,507.428548,507.428548,107.571452,142.428548
5.450,True,5,2,509.295809,509.295809,105.704191,144.295809
5.460,True,5,2,511.166499,511.166499,103.833501,146.166499
5.470,True,5,2,513.040618,513.040618,101.959382,148.040618
5.480,True,5,2,514.918167,514.918167,100.081833,149.918167
5.490,True,5,2,516.799145,516.799145,98.200855,148.200855
5.500,True,5,2,518.683553,518.683553,96.316447,146.316447
5.510,True,5,2,520.571389,520.571389,94.428611,144.428611
5.520,True,5,2,522.462655,522.462655,92.537345,142.537345
5.530,True,5,2,524.357350,524.357350,90.642650,140.642650
5.540,True,5,2,526.255475,526.255475,88.744525,138.744525
5.550,True,5,2,528.157029,528.157029,86.842971,136.842971
5.560,True,5,2,530.062012,530.062012,84.937988,134.937988
5.570,True,5,2,531.970425,531.970425,83.029575,133.029575
5.580,True,5,2,533.882267,533.882267,81.117733,131.117733
5.590,True,5,2,535.797538,535.797538,79.202462,129.202462
5.600,True,5,2,537.716238,537.716238,77.283762,127.283762
5.610,True,5,2,539.638368,539.638368,75.361632,125.361632
5.620,True,5,2,541.563927,541.563927,73.436073,123.436073
5.630,True,5,2,543.492916,543.492916,71.507084,121.507084
5.640,True,5,2,545.425333,545.425333,69.574667,119.574667
5.650,True,5,2,547.361180,547.361180,67.638820,117.638820
5.660,True,5,2,549.300457,549.300457,65.699543,115.699543
5.670,True,5,2,551.243162,551.243162,63.756838,113.756838
5.680,True,5,2,553.189297,553.189297,61.810703,111.810703
5.690,True,5,2,555.138862,555.138862,59.861138,109.861138
5.700,True,5,2,557.091855,557.091855,57.908145,107.908145
5.710,True,5,2,559.048278,559.048278,55.951722,105.951722
5.720,True,5,2,561.008130,561.008130,53.991870,103.991870
5.730,True,5,2,562.971412,562.971412,52.028588,102.028588
5.740,True,5,2,564.938123,564.938123,50.061877,100.061877
5.750,True,5,2,566.908263,566.908263,48.091737,98.091737
5.760,True,5,2,568.881833,568.881833,46.118167,96.118167
5.770,True,5,2,570.858831,570.858831,44.141169,94.141169
5.780,True,5,2,572.839259,572.839259,42.160741,92.160741
5.790,True,5,2,574.823117,574.823117,40.176883,90.176883
5.800,True,5,2,576.810404,576.810404,38.189596,88.189596
5.810,True,5,2,578.801120,578.801120,36.198880,86.198880
5.820,True,5,2,580.795265,580.795265,34.204735,84.204735
5.830,True,5,2,582.792840,582.792840,32.207160,82.207160
5.840,True,5,2,584.793844,584.793844,30.206156,80.206156
5.850,True,5,2,586.798277,586.798277,28.201723,78.201723
5.860,True,5,2,588.806140,588.806140,26.193860,76.193860
5.870,True,5,2,590.817431,590.817431,24.182569,74.182569
5.880,True,5,2,592.832153,592.832153,22.167847,72.167847
5.890,True,5,2,594.850303,594.850303,20.149697,70.149697
5.900,True,5,2,596.871883,596.871883,18.128117,68.128117
5.910,True,5,2,598.896892,598.896892,16.103108,66.103108
5.920,True,5,2,600.925331,600.925331,14.074669,64.074669
5.930,True,5,2,602.957199,602.957199,12.042801,62.042801
5.940,True,5,2,604.992496,604.992496,10.007504,60.007504
5.950,True,5,2,607.031222,607.031222,7.968778,57.968778
5.960,True,5,2,609.073378,609.073378,5.926622,55.926622
5.970,True,5,2,611.118963,611.118963,3.881037,53.881037
5.980,True,5,2,613.167977,613.167977,1.832023,51.832023
5.990,True,5,2,615.220421,615.220421,-0.220421,49.779579
6.000,True,5,2,617.276294,617.276294,-2.276294,47.723706
6.010,True,5,2,619.335596,619.335596,-4.335596,45.664404
6.020,True,5,2,621.398328,621.398328,-6.398328,43.601672
6.030,True,5,2,623.464489,623.464489,-8.464489,41.535511
6.040,True,5,2,625.534079,625.534079,-10.534079,39.465921
6.050,True,5,2,627.607099,627.607099,-12.607099,37.392901
6.060,True,5,2,629.683547,629.683547,-14.683547,35.316453
6.070,True,5,2,631.763426,631.763426,-16.763426,33.236574
6.080,True,5,2,633.846733,633.846733,-18.846733,31.153267
6.090,True,5,2,635.933470,635.933470,-20.933470,29.066530
6.100,True,5,2,638.023636,638.023636,-23.023636,26.976364
6.110,True,5,2,640.117231,640.117231,-25.117231,24.882769
6.120,True,5,2,642.214256,642.214256,-27.214256,22.785744
6.130,True,5,2,644.314710,644.314710,-29.314710,20.685290
6.140,True,5,2,646.418594,646.418594,-31.418594,18.581406
6.150,True,5,2,648.525906,648.525906,-33.525906,16.474094
6.160,True,5,2,650.636648,650.636648,-35.636648,14.363352
6.170,True,5,2,652.750820,652.750820,-37.750820,12.249180
6.180,True,5,2,654.868420,654.868420,-39.868420,10.131580
6.190,True,5,2,656.989450,656.989450,-41.989450,8.010550
6.200,True,5,2,659.113909,659.113909,-44.113909,5.886091
6.210,True,5,2,661.241798,661.241798,-46.241798,3.758202
6.220,True,5,2,663.373116,663.373116,-48.373116,1.626884
6.230,True,1 5,3,443.671909,443.671909,171.328091,78.671909
6.240,True,1 5,3,445.097360,445.097360,169.902640,80.097360
6.250,True,1 5,3,446.525097,446.525097,168.474903,81.525097
6.260,True,1 5,3,447.955120,447.955120,167.044880,82.955120
6.270,True,1 5,3,449.387430,449.387430,165.612570,84.387430
6.280,True,1 5,3,450.822026,450.822026,164.177974,85.822026
6.290,True,1 5,3,452.258908,452.258908,162.741092,87.258908
6.300,True,1 5,3,453.698076,453.698076,161.301924,88.698076
6.310,True,1 5,3,455.139531,455.139531,159.860469,90.139531
6.320,True,1 5,3,456.583271,456.583271,158.416729,91.583271
6.330,True,1 5,3,458.029298,458.029298,156.970702,93.029298
6.340,True,1 5,3,459.477611,459.477611,155.522389,94.477611
6.350,True,1 5,3,460.928210,460.928210,154.071790,95.928210
6.360,True,1 5,3,462.381096,462.381096,152.618904,97.381096
6.370,True,1 5,3,463.836268,463.836268,151.163732,98.836268
6.380,True,1 5,3,465.293726,465.293726,149.706274,100.293726
6.390,True,1 5,3,466.753470,466.753470,148.246530,101.753470
6.400,True,1 5,3,468.215500,468.215500,146.784500,103.215500
6.410,True,1 5,3,469.679817,469.679817,145.320183,104.679817
6.420,True,1 5,3,471.146419,471.146419,143.853581,106.146419
6.430,True,1 5,3,472.615308,472.615308,142.384692,107.615308
6.440,True,1 5,3,474.086483,474.086483,140.913517,109.086483
6.450,True,1 5,3,475.559945,475.559945,139.440055,110.559945
6.460,True,1 5,3,477.035692,477.035692,137.964308,112.035692
6.470,True,1 5,3,478.513726,478.513726,136.486274,113.513726
6.480,True,1 5,3,479.994046,479.994046,135.005954,114.994046
6.490,True,1 5,3,481.476652,481.476652,133.523348,116.476652
6.500,True,1 5,3,482.961545,482.961545,132.038455,117.961545
6.510,True,1 5,3,484.448723,484.448723,130.551277,119.448723
6.520,True,1 5,3,485.938188,485.938188,129.061812,120.938188
6.530,True,4,4,365.572454,365.572454,249.427546,0.572454
6.540,True,4,4,366.692982,366.692982,248.307018,1.692982
6.550,True,4,4,367.815225,367.815225,247.184775,2.815225
6.560,True,4,4,368.939182,368.939182,246.060818,3.939182
6.570,True,4,4,370.064854,370.064854,244.935146,5.064854
6.580,True,4,4,371.192241,371.192241,243.807759,6.192241
6.590,True,4,4,372.321342,372.321342,242.678658,7.321342
6.600,True,4,4,373.452158,373.452158,241.547842,8.452158
6.610,True,4,4,374.584688,374.584688,240.415312,9.584688
6.620,True,4,4,375.718934,375.718934,239.281066,10.718934
6.630,True,4,4,376.854893,376.854893,238.145107,11.854893
6.640,True,4,4,377.992568,377.992568,237.007432,12.992568
6.650,True,4,4,379.131957,379.131957,235.868043,14.131957
6.660,True,4,4,380.273061,380.273061,234.726939,15.273061
6.670,True,4,4,381.415879,381.415879,233.584121,16.415879
6.680,True,4,4,382.560412,382.560412,232.439588,17.560412
6.690,True,4,4,383.706660,383.706660,231.293340,18.706660
6.700,True,4,4,384.854623,384.854623,230.145377,19.854623
6.710,True,4,4,386.004300,386.004300,228.995700,21.004300
6.720,True,4,4,387.155692,387.155692,227.844308,22.155692
6.730,True,4,4,388.308798,388.308798,226.691202,23.308798
6.740,True,4,4,389.463619,389.463619,225.536381,24.463619
6.750,True,4,4,390.620155,390.620155,224.379845,25.620155
6.760,True,4,4,391.778405,391.778405,223.221595,26.778405
6.770,True,4,4,392.938370,392.938370,222.061630,27.938370
6.780,True,4,4,394.100050,394.100050,220.899950,29.100050
6.790,True,4,4,395.263444,395.263444,219.736556,30.263444
6.800,True,4,4,396.428553,396.428553,218.571447,31.428553
6.810,True,4,4,397.595377,397.595377,217.404623,32.595377
6.820,True,4,4,398.763915,398.763915,216.236085,33.763915
6.830,True,4,4,399.934168,399.934168,215.065832,34.934168
6.840,True,4,4,401.106136,401.106136,213.893864,36.106136
6.850,True,4,4,402.279818,402.279818,212.720182,37.279818
6.860,True,4,4,403.455215,403.455215,211.544785,38.455215
6.870,True,4,4,404.632327,404.632327,210.367673,39.632327
6.880,True,4,4,405.811153,405.811153,209.188847,40.811153
6.890,True,4,4,406.991694,406.991694,208.008306,41.991694
6.900,True,4,4,408.173949,408.173949,206.826051,43.173949
6.910,True,4,4,409.357920,409.357920,205.642080,44.357920
6.920,True,4,4,410.543604,410.543604,204.456396,45.543604
6.930,True,4,4,411.731004,411.731004,203.268996,46.731004
6.940,True,4,4,412.920118,412.920118,202.079882,47.920118
6.950,True,4,4,414.110947,414.110947,200.889053,49.110947
6.960,True,4,4,415.303491,415.303491,199.696509,50.303491
6.970,True,4,4,416.497749,416.497749,198.502251,51.497749
6.980,True,4,4,417.693722,417.693722,197.306278,52.693722
6.990,True,4,4,418.891409,418.891409,196.108591,53.891409
7.000,True,4,4,420.090811,420.090811,194.909189,55.090811
7.010,True,4,4,421.291928,421.291928,193.708072,56.291928
7.020,True,4,4,422.494759,422.494759,192.505241,57.494759
7.030,True,4,4,423.699305,423.699305,191.300695,58.699305
7.040,True,4,4,424.905566,424.905566,190.094434,59.905566
7.050,True,4,4,426.113542,426.113542,188.886458,61.113542
7.060,True,4,4,427.323232,427.323232,187.676768,62.323232
7.070,True,4,4,428.534636,428.534636,186.465364,63.534636
7.080,True,4,4,429.747756,429.747756,185.252244,64.747756
7.090,True,4,4,430.962590,430.962590,184.037410,65.962590
7.100,True,4,4,432.179139,432.179139,182.820861,67.179139
7.110,True,4,4,433.397402,433.397402,181.602598,68.397402
7.120,True,4,4,434.617380,434.617380,180.382620,69.617380
7.130,True,4,4,435.839073,435.839073,179.160927,70.839073
7.140,True,4,4,437.062480,437.062480,177.937520,72.062480
7.150,True,4,4,438.287602,438.287602,176.712398,73.287602
7.160,True,4,4,439.514439,439.514439,175.485561,74.514439
7.170,True,4,4,440.742990,440.742990,174.257010,75.742990
7.180,True,4,4,441.973256,441.973256,173.026744,76.973256
7.190,True,4,4,443.205236,443.205236,171.794764,78.205236
7.200,True,4,4,444.438932,444.438932,170.561068,79.438932
7.210,True,4,4,445.674342,445.674342,169.325658,80.674342
7.220,True,4,4,446.911466,446.911466,168.088534,81.911466
7.230,True,4,4,448.150305,448.150305,166.849695,83.150305
7.240,True,4,4,449.390859,449.390859,165.609141,84.390859
7.250,True,4,4,450.633128,450.633128,164.366872,85.633128
7.260,True,4,4,451.877111,451.877111,163.122889,86.877111
7.270,True,4,4,453.122809,453.122809,161.877191,88.122809
7.280,True,4,4,454.370221,454.370221,160.629779,89.370221
7.290,True,4,4,455.619349,455.619349,159.380651,90.619349
7.300,True,4,4,456.870190,456.870190,158.129810,91.870190
7.310,True,4,4,458.122747,458.122747,156.877253,93.122747
7.320,True,4,4,459.377018,459.377018,155.622982,94.377018
7.330,True,4,4,460.633004,460.633004,154.366996,95.633004
7.340,True,4,4,461.890704,461.890704,153.109296,96.890704
7.350,True,4,4,463.150119,463.150119,151.849881,98.150119
7.360,True,4,4,464.411249,464.411249,150.588751,99.411249
7.370,True,4,4,465.674093,465.674093,149.325907,100.674093
7.380,True,4,4,466.938653,466.938653,148.061347,101.938653
7.390,True,4,4,468.204926,468.204926,146.795074,103.204926
7.400,True,4,4,469.472915,469.472915,145.527085,104.472915
7.410,True,4,4,470.742618,470.742618,144.257382,105.742618
7.420,True,4,4,472.014035,472.014035,142.985965,107.014035
7.430,True,4,4,473.287168,473.287168,141.712832,108.287168
7.440,True,4,4,474.562015,474.562015,140.437985,109.562015
7.450,True,4,4,475.838576,475.838576,139.161424,110.838576
7.460,True,4,4,477.116853,477.116853,137.883147,112.116853
7.470,True,4,4,478.396844,478.396844,136.603156,113.396844
7.480,True,4,4,479.678549,479.678549,135.321451,114.678549
7.490,True,4,4,480.961970,480.961970,134.038030,115.961970
7.500,True,4,4,482.247105,482.247105,132.752895,117.247105
7.510,True,4,4,483.533954,483.533954,131.466046,118.533954
7.520,True,4,4,484.822519,484.822519,130.177481,119.822519
7.530,True,4,4,486.112797,486.112797,128.887203,121.112797
7.540,True,4,4,487.404791,487.404791,127.595209,122.404791
7.550,True,4,4,488.698499,488.698499,126.301501,123.698499
7.560,True,4,4,489.993922,489.993922,125.006078,124.993922
7.570,True,4,4,491.291060,491.291060,123.708940,126.291060
7.580,True,4,4,492.589912,492.589912,122.410088,127.589912
7.590,True,4,4,493.890479,493.890479,121.109521,128.890479
7.600,True,4,4,495.192760,495.192760,119.807240,130.192760
7.610,True,4,4,496.496756,496.496756,118.503244,131.496756
7.620,True,4,4,497.802467,497.802467,117.197533,132.802467
7.630,True,4,4,499.109893,499.109893,115.890107,134.109893
7.640,True,4,4,500.419033,500.419033,114.580967,135.419033
7.650,True,4,4,501.729888,501.729888,113.270112,136.729888
7.660,True,4,4,503.042457,503.042457,111.957543,138.042457
7.670,True,4,4,504.356741,504.356741,110.643259,139.356741
7.680,True,4,4,505.672740,505.672740,109.327260,140.672740
7.690,True,4,4,506.990453,506.990453,108.009547,141.990453
7.700,True,4,4,508.309882,508.309882,106.690118,143.309882
7.710,True,4,4,509.631024,509.631024,105.368976,144.631024
7.720,True,4,4,510.953882,510.953882,104.046118,145.953882
7.730,True,4,4,512.278454,512.278454,102.721546,147.278454
7.740,True,4,4,513.604740,513.604740,101.395260,148.604740
7.750,True,4,4,514.932742,514.932742,100.067258,149.932742
7.760,True,4,4,516.262458,516.262458,98.737542,148.737542
7.770,True,4,4,517.593888,517.593888,97.406112,147.406112
7.780,True,4,4,518.927034,518.927034,96.072966,146.072966
7.790,True,4,4,520.261894,520.261894,94.738106,144.738106
7.800,True,4,4,521.598468,521.598468,93.401532,143.401532
7.810,True,4,4,522.936758,522.936758,92.063242,142.063242
7.820,True,4,4,524.276762,524.276762,90.723238,140.723238
7.830,True,4,4,525.618480,525.618480,89.381520,139.381520
7.840,True,4,4,526.961914,526.961914,88.038086,138.038086
7.850,True,4,4,528.307061,528.307061,86.692939,136.692939
7.860,True,4,4,529.653924,529.653924,85.346076,135.346076
7.870,True,4,4,531.002501,531.002501,83.997499,133.997499
7.880,True,4,4,532.352793,532.352793,82.647207,132.647207
7.890,True,4,4,533.704800,533.704800,81.295200,131.295200
7.900,True,4,4,535.058521,535.058521,79.941479,129.941479
7.910,True,4,4,536.413957,536.413957,78.586043,128.586043
7.920,True,4,4,537.771107,537.771107,77.228893,127.228893
7.930,True,4,4,539.129972,539.129972,75.870028,125.870028
7.940,True,4,4,540.490552,540.490552,74.509448,124.509448
7.950,True,4,4,541.852847,541.852847,73.147153,123.147153
7.960,True,4,4,543.216856,543.216856,71.783144,121.783144
7.970,True,4,4,544.582580,544.582580,70.417420,120.417420
7.980,True,4,4,545.950018,545.950018,69.049982,119.049982
7.990,True,4,4,547.319171,547.319171,67.680829,117.680829
8.000,True,4,4,548.690039,548.690039,66.309961,116.309961
8.010,True,4,4,550.062621,550.062621,64.937379,114.937379
8.020,True,4,4,551.436919,551.436919,63.563081,113.563081
8.030,True,4,4,552.812930,552.812930,62.187070,112.187070
8.040,True,4,4,554.190657,554.190657,60.809343,110.809343
8.050,True,4,4,555.570098,555.570098,59.429902,109.429902
8.060,True,4,4,556.951253,556.951253,58.048747,108.048747
8.070,True,4,4,558.334124,558.334124,56.665876,106.665876
8.080,True,4,4,559.718709,559.718709,55.281291,105.281291
8.090,True,4,4,561.105009,561.105009,53.894991,103.894991
8.100,True,4,4,562.493023,562.493023,52.506977,102.506977
8.110,True,4,4,563.882752,563.882752,51.117248,101.117248
8.120,True,4,4,565.274196,565.274196,49.725804,99.725804
8.130,True,4,4,566.667354,566.667354,48.332646,98.332646
8.140,True,4,4,568.062227,568.062227,46.937773,96.937773
8.150,True,4,4,569.458814,569.458814,45.541186,95.541186
8.160,True,4,4,570.857117,570.857117,44.142883,94.142883
8.170,True,4,4,572.257134,572.257134,42.742866,92.742866
8.180,True,4,4,573.658865,573.658865,41.341135,91.341135
8.190,True,4,4,575.062311,575.062311,39.937689,89.937689
8.200,True,4,4,576.467472,576.467472,38.532528,88.532528
8.210,True,4,4,577.874348,577.874348,37.125652,87.125652
8.220,True,4,4,579.282938,579.282938,35.717062,85.717062
8.230,True,4,4,580.693243,580.693243,34.306757,84.306757
8.240,True,4,4,582.105262,582.105262,32.894738,82.894738
8.250,True,4,4,583.518997,583.518997,31.481003,81.481003
8.260,True,4,4,584.934445,584.934445,30.065555,80.065555
8.270,True,4,4,586.351609,586.351609,28.648391,78.648391
8.280,True,4,4,587.770487,587.770487,27.229513,77.229513
8.290,True,4,4,589.191080,589.191080,25.808920,75.808920
8.300,True,4,4,590.613387,590.613387,24.386613,74.386613
8.310,True,4,4,592.037409,592.037409,22.962591,72.962591
8.320,True,4,4,593.463146,593.463146,21.536854,71.536854
8.330,True,4,4,594.890598,594.890598,20.109402,70.109402
8.340,True,4,4,596.319764,596.319764,18.680236,68.680236
8.350,True,4,4,597.750645,597.750645,17.249355,67.249355
8.360,True,4,4,599.183240,599.183240,15.816760,65.816760
8.370,True,4,4,600.617550,600.617550,14.382450,64.382450
8.380,True,4,4,602.053575,602.053575,12.946425,62.946425
8.390,True,4,4,603.491314,603.491314,11.508686,61.508686
8.400,True,4,4,604.930768,604.930768,10.069232,60.069232
8.410,True,4,4,606.371937,606.371937,8.628063,58.628063
8.420,True,4,4,607.814820,607.814820,7.185180,57.185180
8.430,True,4,4,609.259418,609.259418,5.740582,55.740582
8.440,True,4,4,610.705731,610.705731,4.294269,54.294269
8.450,True,4,4,612.153758,612.153758,2.846242,52.846242
8.460,True,4,4,613.603500,613.603500,1.396500,51.396500
8.470,True,4,4,615.054957,615.054957,-0.054957,49.945043
8.480,True,4,4,616.508128,616.508128,-1.508128,48.491872
8.490,True,4,4,617.963014,617.963014,-2.963014,47.036986
8.500,True,4,4,619.419614,619.419614,-4.419614,45.580386
8.510,True,4,4,620.877930,620.877930,-5.877930,44.122070
8.520,True,4,4,622.337960,622.337960,-7.337960,42.662040
8.530,True,4,4,623.799704,623.799704,-8.799704,41.200296
8.540,True,4,4,625.263163,625.263163,-10.263163,39.736837
8.550,True,4,4,626.728337,626.728337,-11.728337,38.271663
8.560,True,4,4,628.195226,628.195226,-13.195226,36.804774
8.570,True,4,4,629.663829,629.663829,-14.663829,35.336171
8.580,True,4,4,631.134147,631.134147,-16.134147,33.865853
8.590,True,4,4,632.606179,632.606179,-17.606179,32.393821
8.600,True,4,4,634.079926,634.079926,-19.079926,30.920074
8.610,True,4,4,635.555388,635.555388,-20.555388,29.444612
8.620,True,4,4,637.032565,637.032565,-22.032565,27.967435
8.630,True,4,4,638.511456,638.511456,-23.511456,26.488544
8.640,True,4,4,639.992062,639.992062,-24.992062,25.007938
8.650,True,4,4,641.474382,641.474382,-26.474382,23.525618
8.660,True,4,4,642.958417,642.958417,-27.958417,22.041583
8.670,True,4,4,644.444167,644.444167,-29.444167,20.555833
8.680,True,4,4,645.931631,645.931631,-30.931631,19.068369
8.690,True,4,4,647.420810,647.420810,-32.420810,17.579190
8.700,True,4,4,648.911704,648.911704,-33.911704,16.088296
8.710,True,4,4,650.404312,650.404312,-35.404312,14.595688
8.720,True,4,4,651.898635,651.898635,-36.898635,13.101365
8.730,True,4,4,653.394673,653.394673,-38.394673,11.605327
8.740,True,4,4,654.892425,654.892425,-39.892425,10.107575
8.750,True,4,4,656.391892,656.391892,-41.391892,8.608108
8.760,True,4,4,657.893074,657.893074,-42.893074,7.106926
8.770,True,4,4,659.395970,659.395970,-44.395970,5.604030
8.780,True,4,4,660.900581,660.900581,-45.900581,4.099419
8.790,True,4,4,662.406907,662.406907,-47.406907,2.593093
8.800,True,4,4,663.914947,663.914947,-48.914947,1.085053
8.810,True,1 4,5,532.339762,532.339762,82.660238,132.660238
8.820,True,1 4,5,533.548937,533.548937,81.451063,131.451063
8.830,True,1 4,5,534.759485,534.759485,80.240515,130.240515
8.840,True,1 4,5,535.971404,535.971404,79.028596,129.028596
8.850,True,1 4,5,537.184695,537.184695,77.815305,127.815305
8.860,True,1 4,5,538.399357,538.399357,76.600643,126.600643
8.870,True,1 4,5,539.615392,539.615392,75.384608,125.384608
8.880,True,1 4,5,540.832798,540.832798,74.167202,124.167202
8.890,True,1 4,5,542.051575,542.051575,72.948425,122.948425
8.900,True,1 4,5,543.271725,543.271725,71.728275,121.728275
8.910,True,1 4,5,544.493246,544.493246,70.506754,120.506754
8.920,True,1 4,5,545.716139,545.716139,69.283861,119.283861
8.930,True,1 4,5,546.940404,546.940404,68.059596,118.059596
8.940,True,1 4,5,548.166040,548.166040,66.833960,116.833960
8.950,True,1 4,5,549.393048,549.393048,65.606952,115.606952
8.960,True,1 4,5,550.621428,550.621428,64.378572,114.378572
8.970,True,1 4,5,551.851180,551.851180,63.148820,113.148820
8.980,True,1 4,5,553.082303,553.082303,61.917697,111.917697
8.990,True,1 4,5,554.314798,554.314798,60.685202,110.685202
9.000,True,1 4,5,555.548665,555.548665,59.451335,109.451335
9.010,True,1 4,5,556.783903,556.783903,58.216097,108.216097
9.020,True,1 4,5,558.020513,558.020513,56.979487,106.979487
9.030,True,1 4,5,559.258495,559.258495,55.741505,105.741505
9.040,True,1 4,5,560.497849,560.497849,54.502151,104.502151
9.050,True,1 4,5,561.738574,561.738574,53.261426,103.261426
9.060,True,1 4,5,562.980671,562.980671,52.019329,102.019329
9.070,True,1 4,5,564.224140,564.224140,50.775860,100.775860
9.080,True,1 4,5,565.468980,565.468980,49.531020,99.531020
9.090,True,1 4,5,566.715193,566.715193,48.284807,98.284807
9.100,True,1 4,5,567.962777,567.962777,47.037223,97.037223
9.110,True,1 4,5,569.211732,569.211732,45.788268,95.788268
9.120,True,1 4,5,570.462060,570.462060,44.537940,94.537940
9.130,True,1 4,5,571.713759,571.713759,43.286241,93.286241
9.140,True,1 4,5,572.966830,572.966830,42.033170,92.033170
9.150,True,1 4,5,574.221272,574.221272,40.778728,90.778728
9.160,True,1 4,5,575.477087,575.477087,39.522913,89.522913
9.170,True,1 4,5,576.734273,576.734273,38.265727,88.265727
9.180,True,1 4,5,577.992831,577.992831,37.007169,87.007169
9.190,True,1 4,5,579.252760,579.252760,35.747240,85.747240
9.200,True,1 4,5,580.514061,580.514061,34.485939,84.485939
9.210,True,1 4,5,581.776734,581.776734,33.223266,83.223266
9.220,True,1 4,5,583.040779,583.040779,31.959221,81.959221
9.230,True,2,8,365.191372,365.191372,249.808628,0.191372
9.240,True,2,8,365.983115,365.983115,249.016885,0.983115
9.250,True,2,8,366.775715,366.775715,248.224285,1.775715
9.260,True,2,8,367.569172,367.569172,247.430828,2.569172
9.270,True,2,8,368.363486,368.363486,246.636514,3.363486
9.280,True,2,8,369.158658,369.158658,245.841342,4.158658
9.290,True,2,8,369.954688,369.954688,245.045312,4.954688
9.300,True,2,8,370.751574,370.751574,244.248426,5.751574
9.310,True,2,8,371.549318,371.549318,243.450682,6.549318
9.320,True,2,8,372.347919,372.347919,242.652081,7.347919
9.330,True,2,8,373.147378,373.147378,241.852622,8.147378
9.340,True,2,8,373.947694,373.947694,241.052306,8.947694
9.350,True,2,8,374.748867,374.748867,240.251133,9.748867
9.360,True,2,8,375.550897,375.550897,239.449103,10.550897
9.370,True,2,8,376.353785,376.353785,238.646215,11.353785
9.380,True,2,8,377.157530,377.157530,237.842470,12.157530
9.390,True,2,8,377.962133,377.962133,237.037867,12.962133
9.400,True,2,8,378.767593,378.767593,236.232407,13.767593
9.410,True,2,8,379.573910,379.573910,235.426090,14.573910
9.420,True,2,8,380.381084,380.381084,234.618916,15.381084
9.430,True,2,8,381.189116,381.189116,233.810884,16.189116
9.440,True,2,8,381.998005,381.998005,233.001995,16.998005
9.450,True,2,8,382.807752,382.807752,232.192248,17.807752
9.460,True,2,8,383.618355,383.618355,231.381645,18.618355
9.470,True,2,8,384.429817,384.429817,230.570183,19.429817
9.480,True,2,8,385.242135,385.242135,229.757865,20.242135
9.490,True,2,8,386.055311,386.055311,228.944689,21.055311
9.500,True,2,8,386.869344,386.869344,228.130656,21.869344
9.510,True,2,8,387.684234,387.684234,227.315766,22.684234
9.520,True,2,8,388.499982,388.499982,226.500018,23.499982
9.530,True,2,8,389.316587,389.316587,225.683413,24.316587
9.540,True,2,8,390.134050,390.134050,224.865950,25.134050
9.550,True,2,8,390.952369,390.952369,224.047631,25.952369
9.560,True,2,8,391.771547,391.771547,223.228453,26.771547
9.570,True,2,8,392.591581,392.591581,222.408419,27.591581
9.580,True,2,8,393.412473,393.412473,221.587527,28.412473
9.590,True,2,8,394.234222,394.234222,220.765778,29.234222
9.600,True,2,8,395.056828,395.056828,219.943172,30.056828
9.610,True,2,8,395.880292,395.880292,219.119708,30.880292
9.620,True,2,8,396.704613,396.704613,218.295387,31.704613
9.630,True,2,8,397.529791,397.529791,217.470209,32.529791
9.640,True,2,8,398.355827,398.355827,216.644173,33.355827
9.650,True,2,8,399.182720,399.182720,215.817280,34.182720
9.660,True,2,8,400.010470,400.010470,214.989530,35.010470
9.670,True,2,8,400.839078,400.839078,214.160922,35.839078
9.680,True,2,8,401.668543,401.668543,213.331457,36.668543
9.690,True,2,8,402.498865,402.498865,212.501135,37.498865
9.700,True,2,8,403.330045,403.330045,211.669955,38.330045
9.710,True,2,8,404.162082,404.162082,210.837918,39.162082
9.720,True,2,8,404.994976,404.994976,210.005024,39.994976
9.730,True,2,8,405.828728,405.828728,209.171272,40.828728
9.740,True,2,8,406.663337,406.663337,208.336663,41.663337
9.750,True,2,8,407.498803,407.498803,207.501197,42.498803
9.760,True,2,8,408.335127,408.335127,206.664873,43.335127
9.770,True,2,8,409.172308,409.172308,205.827692,44.172308
9.780,True,2,8,410.010346,410.010346,204.989654,45.010346
9.790,True,2,8,410.849242,410.849242,204.150758,45.849242
9.800,True,2,8,411.688995,411.688995,203.311005,46.688995
9.810,True,2,8,412.529605,412.529605,202.470395,47.529605
9.820,True,2,8,413.371073,413.371073,201.628927,48.371073
9.830,True,2,8,414.213398,414.213398,200.786602,49.213398
9.840,True,2,8,415.056580,415.056580,199.943420,50.056580
9.850,True,2,8,415.900620,415.900620,199.099380,50.900620
9.860,True,2,8,416.745517,416.745517,198.254483,51.745517
9.870,True,2,8,417.591271,417.591271,197.408729,52.591271
9.880,True,2,8,418.437882,418.437882,196.562118,53.437882
9.890,True,2,8,419.285351,419.285351,195.714649,54.285351
9.900,True,2,8,420.133678,420.133678,194.866322,55.133678
9.910,True,2,8,420.982861,420.982861,194.017139,55.982861
9.920,True,2,8,421.832902,421.832902,193.167098,56.832902
9.930,True,2,8,422.683800,422.683800,192.316200,57.683800
9.940,True,2,8,423.535556,423.535556,191.464444,58.535556
9.950,True,2,8,424.388169,424.388169,190.611831,59.388169
9.960,True,2,8,425.241639,425.241639,189.758361,60.241639
9.970,True,2,8,426.095966,426.095966,188.904034,61.095966
9.980,True,2,8,426.951151,426.951151,188.048849,61.951151
9.990,True,2,8,427.807194,427.807194,187.192806,62.807194
10.000,True,2,8,428.664093,428.664093,186.335907,63.664093
10.010,True,2,8,429.521850,429.521850,185.478150,64.521850
10.020,True,2,8,430.380464,430.380464,184.619536,65.380464
10.030,True,2,8,431.239936,431.239936,183.760064,66.239936
10.040,True,2,8,432.100264,432.100264,182.899736,67.100264
10.050,True,2,8,432.961451,432.961451,182.038549,67.961451
10.060,True,2,8,433.823494,433.823494,181.176506,68.823494
10.070,True,2,8,434.686395,434.686395,180.313605,69.686395
10.080,True,2,8,435.550153,435.550153,179.449847,70.550153
10.090,True,2,8,436.414768,436.414768,178.585232,71.414768
10.100,True,2,8,437.280241,437.280241,177.719759,72.280241
10.110,True,2,8,438.146571,438.146571,176.853429,73.146571
10.120,True,2,8,439.013759,439.013759,175.986241,74.013759
10.130,True,2,8,439.881804,439.881804,175.118196,74.881804
10.140,True,2,8,440.750706,440.750706,174.249294,75.750706
10.150,True,2,8,441.620465,441.620465,173.379535,76.620465
10.160,True,2,8,442.491082,442.491082,172.508918,77.491082
10.170,True,2,8,443.362556,443.362556,171.637444,78.362556
10.180,True,2,8,444.234888,444.234888,170.765112,79.234888
10.190,True,2,8,445.108076,445.108076,169.891924,80.108076
10.200,True,2,8,445.982122,445.982122,169.017878,80.982122
10.210,True,2,8,446.857026,446.857026,168.142974,81.857026
10.220,True,2,8,447.732787,447.732787,167.267213,82.732787
10.230,True,2,8,448.609405,448.609405,166.390595,83.609405
10.240,True,2,8,449.486880,449.486880,165.513120,84.486880
10.250,True,2,8,450.365213,450.365213,164.634787,85.365213
10.260,True,2,8,451.244403,451.244403,163.755597,86.244403
10.270,True,2,8,452.124450,452.124450,162.875550,87.124450
10.280,True,2,8,453.005355,453.005355,161.994645,88.005355
10.290,True,2,8,453.887117,453.887117,161.112883,88.887117
10.300,True,2,8,454.769736,454.769736,160.230264,89.769736
10.310,True,2,8,455.653213,455.653213,159.346787,90.653213
10.320,True,2,8,456.537547,456.537547,158.462453,91.537547
10.330,True,2,8,457.422738,457.422738,157.577262,92.422738
10.340,True,2,8,458.308787,458.308787,156.691213,93.308787
10.350,True,2,8,459.195693,459.195693,155.804307,94.195693
10.360,True,2,8,460.083456,460.083456,154.916544,95.083456
10.370,True,2,8,460.972077,460.972077,154.027923,95.972077
10.380,True,2,8,461.861555,461.861555,153.138445,96.861555
10.390,True,2,8,462.751890,462.751890,152.248110,97.751890
10.400,True,2,8,463.643083,463.643083,151.356917,98.643083
10.410,True,2,8,464.535133,464.535133,150.464867,99.535133
10.420,True,2,8,465.428040,465.428040,149.571960,100.428040
10.430,True,2,8,466.321805,466.321805,148.678195,101.321805
10.440,True,2,8,467.216427,467.216427,147.783573,102.216427
10.450,True,2,8,468.111906,468.111906,146.888094,103.111906
10.460,True,2,8,469.008243,469.008243,145.991757,104.008243
10.470,True,2,8,469.905437,469.905437,145.094563,104.905437
10.480,True,2,8,470.803488,470.803488,144.196512,105.803488
10.490,True,2,8,471.702397,471.702397,143.297603,106.702397
10.500,True,2,8,472.602163,472.602163,142.397837,107.602163
10.510,True,2,8,473.502786,473.502786,141.497214,108.502786
10.520,True,2,8,474.404266,474.404266,140.595734,109.404266
10.530,True,2,8,475.306604,475.306604,139.693396,110.306604
10.540,True,2,8,476.209800,476.209800,138.790200,111.209800
10.550,True,2,8,477.113852,477.113852,137.886148,112.113852
10.560,True,2,8,478.018762,478.018762,136.981238,113.018762
10.570,True,2,8,478.924529,478.924529,136.075471,113.924529
10.580,True,2,8,479.831154,479.831154,135.168846,114.831154
10.590,True,2,8,480.738636,480.738636,134.261364,115.738636
10.600,True,2,8,481.646975,481.646975,133.353025,116.646975
10.610,True,2,8,482.556171,482.556171,132.443829,117.556171
10.620,True,2,8,483.466225,483.466225,131.533775,118.466225
10.630,True,2,8,484.377137,484.377137,130.622863,119.377137
10.640,True,2,8,485.288905,485.288905,129.711095,120.288905
10.650,True,2,8,486.201531,486.201531,128.798469,121.201531
10.660,True,2,8,487.115014,487.115014,127.884986,122.115014
10.670,True,2,8,488.029355,488.029355,126.970645,123.029355
10.680,True,2,8,488.944552,488.944552,126.055448,123.944552
10.690,True,2,8,489.860608,489.860608,125.139392,124.860608
10.700,True,2,8,490.777520,490.777520,124.222480,125.777520
10.710,True,2,8,491.695290,491.695290,123.304710,126.695290
10.720,True,2,8,492.613917,492.613917,122.386083,127.613917
10.730,True,2,8,493.533402,493.533402,121.466598,128.533402
10.740,True,2,8,494.453743,494.453743,120.546257,129.453743
10.750,True,2,8,495.374943,495.374943,119.625057,130.374943
10.760,True,2,8,496.296999,496.296999,118.703001,131.296999
10.770,True,2,8,497.219913,497.219913,117.780087,132.219913
10.780,True,2,8,498.143684,498.143684,116.856316,133.143684
10.790,True,2,8,499.068312,499.068312,115.931688,134.068312
10.800,True,2,8,499.993798,499.993798,115.006202,134.993798
10.810,True,2,8,500.920141,500.920141,114.079859,135.920141
10.820,True,2,8,501.847342,501.847342,113.152658,136.847342
10.830,True,2,8,502.775399,502.775399,112.224601,137.775399
10.840,True,2,8,503.704314,503.704314,111.295686,138.704314
10.850,True,2,8,504.634087,504.634087,110.365913,139.634087
10.860,True,2,8,505.564717,505.564717,109.435283,140.564717
10.870,True,2,8,506.496204,506.496204,108.503796,141.496204
10.880,True,2,8,507.428548,507.428548,107.571452,142.428548
10.890,True,2,8,508.361750,508.361750,106.638250,143.361750
10.900,True,2,8,509.295809,509.295809,105.704191,144.295809
10.910,True,2,8,510.230725,510.230725,104.769275,145.230725
10.920,True,2,8,511.166499,511.166499,103.833501,146.166499
10.930,True,2,8,512.103130,512.103130,102.896870,147.103130
10.940,True,2,8,513.040618,513.040618,101.959382,148.040618
10.950,True,2,8,513.978964,513.978964,101.021036,148.978964
10.960,True,2,8,514.918167,514.918167,100.081833,149.918167
10.970,True,2,8,515.858228,515.858228,99.141772,149.141772
10.980,True,2,8,516.799145,516.799145,98.200855,148.200855
10.990,True,2,8,517.740920,517.740920,97.259080,147.259080
11.000,True,2,8,518.683553,518.683553,96.316447,146.316447
11.010,True,2,8,519.627042,519.627042,95.372958,145.372958
11.020,True,2,8,520.571389,520.571389,94.428611,144.428611
11.030,True,2,8,521.516594,521.516594,93.483406,143.483406
11.040,True,2,8,522.462655,522.462655,92.537345,142.537345
11.050,True,2,8,523.409574,523.409574,91.590426,141.590426
11.060,True,2,8,524.357350,524.357350,90.642650,140.642650
11.070,True,2,8,525.305984,525.305984,89.694016,139.694016
11.080,True,2,8,526.255475,526.255475,88.744525,138.744525
11.090,True,2,8,527.205823,527.205823,87.794177,137.794177
11.100,True,2,8,528.157029,528.157029,86.842971,136.842971
11.110,True,2,8,529.109092,529.109092,85.890908,135.890908
11.120,True,2,8,530.062012,530.062012,84.937988,134.937988
11.130,True,2,8,531.015790,531.015790,83.984210,133.984210
11.140,True,2,8,531.970425,531.970425,83.029575,133.029575
11.150,True,2,8,532.925917,532.925917,82.074083,132.074083
11.160,True,2,8,533.882267,533.882267,81.117733,131.117733
11.170,True,2,8,534.839474,534.839474,80.160526,130.160526
11.180,True,2,8,535.797538,535.797538,79.202462,129.202462
11.190,True,2,8,536.756459,536.756459,78.243541,128.243541
11.200,True,2,8,537.716238,537.716238,77.283762,127.283762
11.210,True,2,8,538.676875,538.676875,76.323125,126.323125
11.220,True,2,8,539.638368,539.638368,75.361632,125.361632
11.230,True,2,8,540.600719,540.600719,74.399281,124.399281
11.240,True,2,8,541.563927,541.563927,73.436073,123.436073
11.250,True,2,8,542.527993,542.527993,72.472007,122.472007
11.260,True,2,8,543.492916,543.492916,71.507084,121.507084
11.270,True,2,8,544.458696,544.458696,70.541304,120.541304
11.280,True,2,8,545.425333,545.425333,69.574667,119.574667
11.290,True,2,8,546.392828,546.392828,68.607172,118.607172
11.300,True,2,8,547.361180,547.361180,67.638820,117.638820
11.310,True,2,8,548.330390,548.330390,66.669610,116.669610
11.320,True,2,8,549.300457,549.300457,65.699543,115.699543
11.330,True,2,8,550.271381,550.271381,64.728619,114.728619
11.340,True,2,8,551.243162,551.243162,63.756838,113.756838
11.350,True,2,8,552.215801,552.215801,62.784199,112.784199
11.360,True,2,8,553.189297,553.189297,61.810703,111.810703
11.370,True,2,8,554.163651,554.163651,60.836349,110.836349
11.380,True,2,8,555.138862,555.138862,59.861138,109.861138
11.390,True,2,8,556.114930,556.114930,58.885070,108.885070
11.400,True,2,8,557.091855,557.091855,57.908145,107.908145
11.410,True,2,8,558.069638,558.069638,56.930362,106.930362
11.420,True,2,8,559.048278,559.048278,55.951722,105.951722
11.430,True,2,8,560.027776,560.027776,54.972224,104.972224
11.440,True,2,8,561.008130,561.008130,53.991870,103.991870
11.450,True,2,8,561.989343,561.989343,53.010657,103.010657
11.460,True,2,8,562.971412,562.971412,52.028588,102.028588
11.470,True,2,8,563.954339,563.954339,51.045661,101.045661
11.480,True,2,8,564.938123,564.938123,50.061877,100.061877
11.490,True,2,8,565.922764,565.922764,49.077236,99.077236
11.500,True,2,8,566.908263,566.908263,48.091737,98.091737
11.510,True,2,8,567.894619,567.894619,47.105381,97.105381
11.520,True,2,8,568.881833,568.881833,46.118167,96.118167
11.530,True,2,8,569.869903,569.869903,45.130097,95.130097
11.540,True,2,8,570.858831,570.858831,44.141169,94.141169
11.550,True,2,8,571.848617,571.848617,43.151383,93.151383
11.560,True,2,8,572.839259,572.839259,42.160741,92.160741
11.570,True,2,8,573.830759,573.830759,41.169241,91.169241
11.580,True,2,8,574.823117,574.823117,40.176883,90.176883
11.590,True,2,8,575.816332,575.816332,39.183668,89.183668
11.600,True,2,8,576.810404,576.810404,38.189596,88.189596
11.610,True,2,8,577.805333,577.805333,37.194667,87.194667
11.620,True,2,8,578.801120,578.801120,36.198880,86.198880
11.630,True,2,8,579.797764,579.797764,35.202236,85.202236
11.640,True,2,8,580.795265,580.795265,34.204735,84.204735
11.650,True,2,8,581.793624,581.793624,33.206376,83.206376
11.660,True,2,8,582.792840,582.792840,32.207160,82.207160
11.670,True,2,8,583.792913,583.792913,31.207087,81.207087
11.680,True,2,8,584.793844,584.793844,30.206156,80.206156
11.690,True,2,8,585.795632,585.795632,29.204368,79.204368
11.700,True,2,8,586.798277,586.798277,28.201723,78.201723
11.710,True,2,8,587.801780,587.801780,27.198220,77.198220
11.720,True,2,8,588.806140,588.806140,26.193860,76.193860
11.730,True,2,8,589.811357,589.811357,25.188643,75.188643
11.740,True,2,8,590.817431,590.817431,24.182569,74.182569
11.750,True,2,8,591.824363,591.824363,23.175637,73.175637
11.760,True,2,8,592.832153,592.832153,22.167847,72.167847
11.770,True,2,8,593.840799,593.840799,21.159201,71.159201
11.780,True,2,8,594.850303,594.850303,20.149697,70.149697
11.790,True,2,8,595.860665,595.860665,19.139335,69.139335
11.800,True,2,8,596.871883,596.871883,18.128117,68.128117
11.810,True,2,8,597.883959,597.883959,17.116041,67.116041
11.820,True,2,8,598.896892,598.896892,16.103108,66.103108
11.830,True,2,8,599.910683,599.910683,15.089317,65.089317
11.840,True,2,8,600.925331,600.925331,14.074669,64.074669
11.850,True,2,8,601.940836,601.940836,13.059164,63.059164
11.860,True,2,8,602.957199,602.957199,12.042801,62.042801
11.870,True,2,8,603.974418,603.974418,11.025582,61.025582
11.880,True,2,8,604.992496,604.992496,10.007504,60.007504
11.890,True,2,8,606.011430,606.011430,8.988570,58.988570
11.900,True,2,8,607.031222,607.031222,7.968778,57.968778
11.910,True,2,8,608.051871,608.051871,6.948129,56.948129
11.920,True,2,8,609.073378,609.073378,5.926622,55.926622
11.930,True,2,8,610.095742,610.095742,4.904258,54.904258
11.940,True,2,8,611.118963,611.118963,3.881037,53.881037
11.950,True,2,8,612.143041,612.143041,2.856959,52.856959
11.960,True,2,8,613.167977,613.167977,1.832023,51.832023
11.970,True,2,8,614.193770,614.193770,0.806230,50.806230
11.980,True,2,8,615.220421,615.220421,-0.220421,49.779579
11.990,True,2,8,616.247929,616.247929,-1.247929,48.752071
12.000,True,2,8,617.276294,617.276294,-2.276294,47.723706
12.010,True,2,8,618.305516,618.305516,-3.305516,46.694484
12.020,True,2,8,619.335596,619.335596,-4.335596,45.664404
12.030,True,2,8,620.366533,620.366533,-5.366533,44.633467
12.040,True,2,8,621.398328,621.398328,-6.398328,43.601672
12.050,True,2,8,622.430980,622.430980,-7.430980,42.569020
12.060,True,2,8,623.464489,623.464489,-8.464489,41.535511
12.070,True,2,8,624.498855,624.498855,-9.498855,40.501145
12.080,True,2,8,625.534079,625.534079,-10.534079,39.465921
12.090,True,2,8,626.570160,626.570160,-11.570160,38.429840
12.100,True,2,8,627.607099,627.607099,-12.607099,37.392901
12.110,True,2,8,628.644894,628.644894,-13.644894,36.355106
12.120,True,2,8,629.683547,629.683547,-14.683547,35.316453
12.130,True,2,8,630.723058,630.723058,-15.723058,34.276942
12.140,True,2,8,631.763426,631.763426,-16.763426,33.236574
12.150,True,2,8,632.804651,632.804651,-17.804651,32.195349
12.160,True,2,8,633.846733,633.846733,-18.846733,31.153267
12.170,True,2,8,634.889673,634.889673,-19.889673,30.110327
12.180,True,2,8,635.933470,635.933470,-20.933470,29.066530
12.190,True,2,8,636.978124,636.978124,-21.978124,28.021876
12.200,True,2,8,638.023636,638.023636,-23.023636,26.976364
12.210,True,2,8,639.070005,639.070005,-24.070005,25.929995
12.220,True,2,8,640.117231,640.117231,-25.117231,24.882769
12.230,True,2,8,641.165315,641.165315,-26.165315,23.834685
12.240,True,2,8,642.214256,642.214256,-27.214256,22.785744
12.250,True,2,8,643.264055,643.264055,-28.264055,21.735945
12.260,True,2,8,644.314710,644.314710,-29.314710,20.685290
12.270,True,2,8,645.366223,645.366223,-30.366223,19.633777
12.280,True,2,8,646.418594,646.418594,-31.418594,18.581406
12.290,True,2,8,647.471821,647.471821,-32.471821,17.528179
12.300,True,2,8,648.525906,648.525906,-33.525906,16.474094
12.310,True,2,8,649.580849,649.580849,-34.580849,15.419151
12.320,True,2,8,650.636648,650.636648,-35.636648,14.363352
12.330,True,2,8,651.693305,651.693305,-36.693305,13.306695
12.340,True,2,8,652.750820,652.750820,-37.750820,12.249180
12.350,True,2,8,653.809191,653.809191,-38.809191,11.190809
12.360,True,2,8,654.868420,654.868420,-39.868420,10.131580
12.370,True,2,8,655.928507,655.928507,-40.928507,9.071493
12.380,True,2,8,656.989450,656.989450,-41.989450,8.010550
12.390,True,2,8,658.051251,658.051251,-43.051251,6.948749
12.400,True,2,8,659.113909,659.113909,-44.113909,5.886091
12.410,True,2,8,660.177425,660.177425,-45.177425,4.822575
12.420,True,2,8,661.241798,661.241798,-46.241798,3.758202
12.430,True,2,8,662.307028,662.307028,-47.307028,2.692972
12.440,True,2,8,663.373116,663.373116,-48.373116,1.626884
12.450,True,2,8,664.440061,664.440061,-49.440061,0.559939
12.460,True,1 2,9,591.562545,591.562545,23.437455,73.437455
12.470,True,1 2,9,592.512465,592.512465,22.487535,72.487535
12.480,True,1 2,9,593.463146,593.463146,21.536854,71.536854
12.490,True,1 2,9,594.414590,594.414590,20.585410,70.585410
12.500,True,1 2,9,595.366796,595.366796,19.633204,69.633204
12.510,True,1 2,9,596.319764,596.319764,18.680236,68.680236
12.520,True,1 2,9,597.273494,597.273494,17.726506,67.726506
12.530,True,1 2,9,598.227986,598.227986,16.772014,66.772014
12.540,True,1 2,9,599.183240,599.183240,15.816760,65.816760
12.550,True,1 2,9,600.139256,600.139256,14.860744,64.860744
12.560,True,1 2,9,601.096034,601.096034,13.903966,63.903966
12.570,True,1 2,9,602.053575,602.053575,12.946425,62.946425
12.580,True,1 2,9,603.011877,603.011877,11.988123,61.988123
12.590,True,1 2,9,603.970942,603.970942,11.029058,61.029058
12.600,True,1 2,9,604.930768,604.930768,10.069232,60.069232
12.610,True,1 2,9,605.891357,605.891357,9.108643,59.108643
12.620,True,1 2,9,606.852707,606.852707,8.147293,58.147293
12.630,True,1 2,9,607.814820,607.814820,7.185180,57.185180
12.640,True,1 2,9,608.777695,608.777695,6.222305,56.222305
12.650,True,1 2,9,609.741332,609.741332,5.258668,55.258668
12.660,True,1 2,9,610.705731,610.705731,4.294269,54.294269
12.670,True,1 2,9,611.670892,611.670892,3.329108,53.329108
12.680,True,1 2,9,612.636815,612.636815,2.363185,52.363185
12.690,True,1 2,9,613.603500,613.603500,1.396500,51.396500
12.700,True,1 2,9,614.570947,614.570947,0.429053,50.429053
12.710,True,1 2,9,615.539157,615.539157,-0.539157,49.460843
12.720,True,1 2,9,616.508128,616.508128,-1.508128,48.491872
12.730,True,1 2,9,617.477861,617.477861,-2.477861,47.522139
12.740,True,1 2,9,618.448357,618.448357,-3.448357,46.551643
12.750,True,1 2,9,619.419614,619.419614,-4.419614,45.580386
12.760,True,1 2,9,620.391634,620.391634,-5.391634,44.608366
12.770,True,1 2,9,621.364416,621.364416,-6.364416,43.635584
12.780,True,1 2,9,622.337960,622.337960,-7.337960,42.662040
12.790,True,1 2,9,623.312265,623.312265,-8.312265,41.687735
12.800,True,1 2,9,624.287333,624.287333,-9.287333,40.712667
12.810,True,1 2,9,625.263163,625.263163,-10.263163,39.736837
12.820,True,1 2,9,626.239755,626.239755,-11.239755,38.760245
12.830,True,1 2,9,627.217110,627.217110,-12.217110,37.782890
12.840,True,1 2,9,628.195226,628.195226,-13.195226,36.804774
12.850,True,1 2,9,629.174104,629.174104,-14.174104,35.825896
12.860,True,1 2,9,630.153744,630.153744,-15.153744,34.846256
12.870,True,1 2,9,631.134147,631.134147,-16.134147,33.865853
12.880,True,1 2,9,632.115311,632.115311,-17.115311,32.884689
12.890,True,1 2,9,633.097238,633.097238,-18.097238,31.902762
12.900,True,1 2,9,634.079926,634.079926,-19.079926,30.920074
12.910,True,1 2,9,635.063377,635.063377,-20.063377,29.936623
12.920,True,1 2,9,636.047590,636.047590,-21.047590,28.952410
12.930,True,1 2,9,637.032565,637.032565,-22.032565,27.967435
12.940,True,1 2,9,638.018302,638.018302,-23.018302,26.981698
12.950,True,1 2,9,639.004801,639.004801,-24.004801,25.995199
12.960,True,1 2,9,639.992062,639.992062,-24.992062,25.007938
12.970,True,1 2,9,640.980085,640.980085,-25.980085,24.019915
12.980,True,1 2,9,641.968870,641.968870,-26.968870,23.031130
12.990,True,1 2,9,642.958417,642.958417,-27.958417,22.041583
13.000,True,1 2,9,643.948726,643.948726,-28.948726,21.051274
13.010,True,1 2,9,644.939798,644.939798,-29.939798,20.060202
13.020,True,1 2,9,645.931631,645.931631,-30.931631,19.068369
13.030,True,1 2,9,646.924227,646.924227,-31.924227,18.075773
13.040,True,1 2,9,647.917584,647.917584,-32.917584,17.082416
13.050,True,3,16,365.012834,365.012834,249.987166,0.012834
13.060,True,3,16,365.572454,365.572454,249.427546,0.572454
13.070,True,3,16,366.132504,366.132504,248.867496,1.132504
13.080,True,3,16,366.692982,366.692982,248.307018,1.692982
13.090,True,3,16,367.253889,367.253889,247.746111,2.253889
13.100,True,3,16,367.815225,367.815225,247.184775,2.815225
13.110,True,3,16,368.376989,368.376989,246.623011,3.376989
13.120,True,3,16,368.939182,368.939182,246.060818,3.939182
13.130,True,3,16,369.501804,369.501804,245.498196,4.501804
13.140,True,3,16,370.064854,370.064854,244.935146,5.064854
13.150,True,3,16,370.628333,370.628333,244.371667,5.628333
13.160,True,3,16,371.192241,371.192241,243.807759,6.192241
13.170,True,3,16,371.756577,371.756577,243.243423,6.756577
13.180,True,3,16,372.321342,372.321342,242.678658,7.321342
13.190,True,3,16,372.886536,372.886536,242.113464,7.886536
13.200,True,3,16,373.452158,373.452158,241.547842,8.452158
13.210,True,3,16,374.018209,374.018209,240.981791,9.018209
13.220,True,3,16,374.584688,374.584688,240.415312,9.584688
13.230,True,3,16,375.151597,375.151597,239.848403,10.151597
13.240,True,3,16,375.718934,375.718934,239.281066,10.718934
13.250,True,3,16,376.286699,376.286699,238.713301,11.286699
13.260,True,3,16,376.854893,376.854893,238.145107,11.854893
13.270,True,3,16,377.423516,377.423516,237.576484,12.423516
13.280,True,3,16,377.992568,377.992568,237.007432,12.992568
13.290,True,3,16,378.562048,378.562048,236.437952,13.562048
13.300,True,3,16,379.131957,379.131957,235.868043,14.131957
13.310,True,3,16,379.702295,379.702295,235.297705,14.702295
13.320,True,3,16,380.273061,380.273061,234.726939,15.273061
13.330,True,3,16,380.844256,380.844256,234.155744,15.844256
13.340,True,3,16,381.415879,381.415879,233.584121,16.415879
13.350,True,3,16,381.987932,381.987932,233.012068,16.987932
13.360,True,3,16,382.560412,382.560412,232.439588,17.560412
13.370,True,3,16,383.133322,383.133322,231.866678,18.133322
13.380,True,3,16,383.706660,383.706660,231.293340,18.706660
13.390,True,3,16,384.280427,384.280427,230.719573,19.280427
13.400,True,3,16,384.854623,384.854623,230.145377,19.854623
13.410,True,3,16,385.429247,385.429247,229.570753,20.429247
13.420,True,3,16,386.004300,386.004300,228.995700,21.004300
13.430,True,3,16,386.579781,386.579781,228.420219,21.579781
13.440,True,3,16,387.155692,387.155692,227.844308,22.155692
13.450,True,3,16,387.732030,387.732030,227.267970,22.732030
13.460,True,3,16,388.308798,388.308798,226.691202,23.308798
13.470,True,3,16,388.885994,388.885994,226.114006,23.885994
13.480,True,3,16,389.463619,389.463619,225.536381,24.463619
13.490,True,3,16,390.041673,390.041673,224.958327,25.041673
13.500,True,3,16,390.620155,390.620155,224.379845,25.620155
13.510,True,3,16,391.199066,391.199066,223.800934,26.199066
13.520,True,3,16,391.778405,391.778405,223.221595,26.778405
13.530,True,3,16,392.358173,392.358173,222.641827,27.358173
13.540,True,3,16,392.938370,392.938370,222.061630,27.938370
13.550,True,3,16,393.518996,393.518996,221.481004,28.518996
13.560,True,3,16,394.100050,394.100050,220.899950,29.100050
13.570,True,3,16,394.681533,394.681533,220.318467,29.681533
13.580,True,3,16,395.263444,395.263444,219.736556,30.263444
13.590,True,3,16,395.845784,395.845784,219.154216,30.845784
13.600,True,3,16,396.428553,396.428553,218.571447,31.428553
13.610,True,3,16,397.011751,397.011751,217.988249,32.011751
13.620,True,3,16,397.595377,397.595377,217.404623,32.595377
13.630,True,3,16,398.179432,398.179432,216.820568,33.179432
13.640,True,3,16,398.763915,398.763915,216.236085,33.763915
13.650,True,3,16,399.348827,399.348827,215.651173,34.348827
13.660,True,3,16,399.934168,399.934168,215.065832,34.934168
13.670,True,3,16,400.519938,400.519938,214.480062,35.519938
13.680,True,3,16,401.106136,401.106136,213.893864,36.106136
13.690,True,3,16,401.692763,401.692763,213.307237,36.692763
13.700,True,3,16,402.279818,402.279818,212.720182,37.279818
13.710,True,3,16,402.867302,402.867302,212.132698,37.867302
13.720,True,3,16,403.455215,403.455215,211.544785,38.455215
13.730,True,3,16,404.043557,404.043557,210.956443,39.043557
13.740,True,3,16,404.632327,404.632327,210.367673,39.632327
13.750,True,3,16,405.221525,405.221525,209.778475,40.221525
13.760,True,3,16,405.811153,405.811153,209.188847,40.811153
13.770,True,3,16,406.401209,406.401209,208.598791,41.401209
13.780,True,3,16,406.991694,406.991694,208.008306,41.991694
13.790,True,3,16,407.582607,407.582607,207.417393,42.582607
13.800,True,3,16,408.173949,408.173949,206.826051,43.173949
13.810,True,3,16,408.765720,408.765720,206.234280,43.765720
13.820,True,3,16,409.357920,409.357920,205.642080,44.357920
13.830,True,3,16,409.950548,409.950548,205.049452,44.950548
13.840,True,3,16,410.543604,410.543604,204.456396,45.543604
13.850,True,3,16,411.137090,411.137090,203.862910,46.137090
13.860,True,3,16,411.731004,411.731004,203.268996,46.731004
13.870,True,3,16,412.325347,412.325347,202.674653,47.325347
13.880,True,3,16,412.920118,412.920118,202.079882,47.920118
13.890,True,3,16,413.515318,413.515318,201.484682,48.515318
13.900,True,3,16,414.110947,414.110947,200.889053,49.110947
13.910,True,3,16,414.707004,414.707004,200.292996,49.707004
13.920,True,3,16,415.303491,415.303491,199.696509,50.303491
13.930,True,3,16,415.900405,415.900405,199.099595,50.900405
13.940,True,3,16,416.497749,416.497749,198.502251,51.497749
13.950,True,3,16,417.095521,417.095521,197.904479,52.095521
13.960,True,3,16,417.693722,417.693722,197.306278,52.693722
13.970,True,3,16,418.292351,418.292351,196.707649,53.292351
13.980,True,3,16,418.891409,418.891409,196.108591,53.891409
13.990,True,3,16,419.490896,419.490896,195.509104,54.490896
14.000,True,3,16,420.090811,420.090811,194.909189,55.090811
14.010,True,3,16,420.691155,420.691155,194.308845,55.691155
14.020,True,3,16,421.291928,421.291928,193.708072,56.291928
14.030,True,3,16,421.893129,421.893129,193.106871,56.893129
14.040,True,3,16,422.494759,422.494759,192.505241,57.494759
14.050,True,3,16,423.096818,423.096818,191.903182,58.096818
14.060,True,3,16,423.699305,423.699305,191.300695,58.699305
14.070,True,3,16,424.302222,424.302222,190.697778,59.302222
14.080,True,3,16,424.905566,424.905566,190.094434,59.905566
14.090,True,3,16,425.509340,425.509340,189.490660,60.509340
14.100,True,3,16,426.113542,426.113542,188.886458,61.113542
14.110,True,3,16,426.718172,426.718172,188.281828,61.718172
14.120,True,3,16,427.323232,427.323232,187.676768,62.323232
14.130,True,3,16,427.928720,427.928720,187.071280,62.928720
14.140,True,3,16,428.534636,428.534636,186.465364,63.534636
14.150,True,3,16,429.140982,429.140982,185.859018,64.140982
14.160,True,3,16,429.747756,429.747756,185.252244,64.747756
14.170,True,3,16,430.354959,430.354959,184.645041,65.354959
14.180,True,3,16,430.962590,430.962590,184.037410,65.962590
14.190,True,3,16,431.570650,431.570650,183.429350,66.570650
14.200,True,3,16,432.179139,432.179139,182.820861,67.179139
14.210,True,3,16,432.788056,432.788056,182.211944,67.788056
14.220,True,3,16,433.397402,433.397402,181.602598,68.397402
14.230,True,3,16,434.007177,434.007177,180.992823,69.007177
14.240,True,3,16,434.617380,434.617380,180.382620,69.617380
14.250,True,3,16,435.228012,435.228012,179.771988,70.228012
14.260,True,3,16,435.839073,435.839073,179.160927,70.839073
14.270,True,3,16,436.450562,436.450562,178.549438,71.450562
14.280,True,3,16,437.062480,437.062480,177.937520,72.062480
14.290,True,3,16,437.674827,437.674827,177.325173,72.674827
14.300,True,3,16,438.287602,438.287602,176.712398,73.287602
14.310,True,3,16,438.900806,438.900806,176.099194,73.900806
14.320,True,3,16,439.514439,439.514439,175.485561,74.514439
14.330,True,3,16,440.128500,440.128500,174.871500,75.128500
14.340,True,3,16,440.742990,440.742990,174.257010,75.742990
14.350,True,3,16,441.357908,441.357908,173.642092,76.357908
14.360,True,3,16,441.973256,441.973256,173.026744,76.973256
14.370,True,3,16,442.589032,442.589032,172.410968,77.589032
14.380,True,3,16,443.205236,443.205236,171.794764,78.205236
14.390,True,3,16,443.821870,443.821870,171.178130,78.821870
14.400,True,3,16,444.438932,444.438932,170.561068,79.438932
14.410,True,3,16,445.056422,445.056422,169.943578,80.056422
14.420,True,3,16,445.674342,445.674342,169.325658,80.674342
14.430,True,3,16,446.292690,446.292690,168.707310,81.292690
14.440,True,3,16,446.911466,446.911466,168.088534,81.911466
14.450,True,3,16,447.530671,447.530671,167.469329,82.530671
14.460,True,3,16,448.150305,448.150305,166.849695,83.150305
14.470,True,3,16,448.770368,448.770368,166.229632,83.770368
14.480,True,3,16,449.390859,449.390859,165.609141,84.390859
14.490,True,3,16,450.011779,450.011779,164.988221,85.011779
14.500,True,3,16,450.633128,450.633128,164.366872,85.633128
14.510,True,3,16,451.254905,451.254905,163.745095,86.254905
14.520,True,3,16,451.877111,451.877111,163.122889,86.877111
14.530,True,3,16,452.499746,452.499746,162.500254,87.499746
14.540,True,3,16,453.122809,453.122809,161.877191,88.122809
14.550,True,3,16,453.746301,453.746301,161.253699,88.746301
14.560,True,3,16,454.370221,454.370221,160.629779,89.370221
14.570,True,3,16,454.994571,454.994571,160.005429,89.994571
14.580,True,3,16,455.619349,455.619349,159.380651,90.619349
14.590,True,3,16,456.244555,456.244555,158.755445,91.244555
14.600,True,3,16,456.870190,456.870190,158.129810,91.870190
14.610,True,3,16,457.496254,457.496254,157.503746,92.496254
14.620,True,3,16,458.122747,458.122747,156.877253,93.122747
14.630,True,3,16,458.749668,458.749668,156.250332,93.749668
14.640,True,3,16,459.377018,459.377018,155.622982,94.377018
14.650,True,3,16,460.004797,460.004797,154.995203,95.004797
14.660,True,3,16,460.633004,460.633004,154.366996,95.633004
14.670,True,3,16,461.261640,461.261640,153.738360,96.261640
14.680,True,3,16,461.890704,461.890704,153.109296,96.890704
14.690,True,3,16,462.520197,462.520197,152.479803,97.520197
14.700,True,3,16,463.150119,463.150119,151.849881,98.150119
14.710,True,3,16,463.780470,463.780470,151.219530,98.780470
14.720,True,3,16,464.411249,464.411249,150.588751,99.411249
14.730,True,3,16,465.042457,465.042457,149.957543,100.042457
14.740,True,3,16,465.674093,465.674093,149.325907,100.674093
14.750,True,3,16,466.306159,466.306159,148.693841,101.306159
14.760,True,3,16,466.938653,466.938653,148.061347,101.938653
14.770,True,3,16,467.571575,467.571575,147.428425,102.571575
14.780,True,3,16,468.204926,468.204926,146.795074,103.204926
14.790,True,3,16,468.838706,468.838706,146.161294,103.838706
14.800,True,3,16,469.472915,469.472915,145.527085,104.472915
14.810,True,3,16,470.107552,470.107552,144.892448,105.107552
14.820,True,3,16,470.742618,470.742618,144.257382,105.742618
14.830,True,3,16,471.378112,471.378112,143.621888,106.378112
14.840,True,3,16,472.014035,472.014035,142.985965,107.014035
14.850,True,3,16,472.650387,472.650387,142.349613,107.650387
14.860,True,3,16,473.287168,473.287168,141.712832,108.287168
14.870,True,3,16,473.924377,473.924377,141.075623,108.924377
14.880,True,3,16,474.562015,474.562015,140.437985,109.562015
14.890,True,3,16,475.200081,475.200081,139.799919,110.200081
14.900,True,3,16,475.838576,475.838576,139.161424,110.838576
14.910,True,3,16,476.477500,476.477500,138.522500,111.477500
14.920,True,3,16,477.116853,477.116853,137.883147,112.116853
14.930,True,3,16,477.756634,477.756634,137.243366,112.756634
14.940,True,3,16,478.396844,478.396844,136.603156,113.396844
14.950,True,3,16,479.037482,479.037482,135.962518,114.037482
14.960,True,3,16,479.678549,479.678549,135.321451,114.678549
14.970,True,3,16,480.320045,480.320045,134.679955,115.320045
14.980,True,3,16,480.961970,480.961970,134.038030,115.961970
14.990,True,3,16,481.604323,481.604323,133.395677,116.604323
15.000,True,3,16,482.247105,482.247105,132.752895,117.247105
15.010,True,3,16,482.890315,482.890315,132.109685,117.890315
15.020,True,3,16,483.533954,483.533954,131.466046,118.533954
15.030,True,3,16,484.178022,484.178022,130.821978,119.178022
15.040,True,3,16,484.822519,484.822519,130.177481,119.822519
15.050,True,3,16,485.467444,485.467444,129.532556,120.467444
15.060,True,3,16,486.112797,486.112797,128.887203,121.112797
15.070,True,3,16,486.758580,486.758580,128.241420,121.758580
15.080,True,3,16,487.404791,487.404791,127.595209,122.404791
15.090,True,3,16,488.051431,488.051431,126.948569,123.051431
15.100,True,3,16,488.698499,488.698499,126.301501,123.698499
15.110,True,3,16,489.345996,489.345996,125.654004,124.345996
15.120,True,3,16,489.993922,489.993922,125.006078,124.993922
15.130,True,3,16,490.642277,490.642277,124.357723,125.642277
15.140,True,3,16,491.291060,491.291060,123.708940,126.291060
15.150,True,3,16,491.940271,491.940271,123.059729,126.940271
15.160,True,3,16,492.589912,492.589912,122.410088,127.589912
15.170,True,3,16,493.239981,493.239981,121.760019,128.239981
15.180,True,3,16,493.890479,493.890479,121.109521,128.890479
15.190,True,3,16,494.541405,494.541405,120.458595,129.541405
15.200,True,3,16,495.192760,495.192760,119.807240,130.192760
15.210,True,3,16,495.844544,495.844544,119.155456,130.844544
15.220,True,3,16,496.496756,496.496756,118.503244,131.496756
15.230,True,3,16,497.149398,497.149398,117.850602,132.149398
15.240,True,3,16,497.802467,497.802467,117.197533,132.802467
15.250,True,3,16,498.455966,498.455966,116.544034,133.455966
15.260,True,3,16,499.109893,499.109893,115.890107,134.109893
15.270,True,3,16,499.764248,499.764248,115.235752,134.764248
15.280,True,3,16,500.419033,500.419033,114.580967,135.419033
15.290,True,3,16,501.074246,501.074246,113.925754,136.074246
15.300,True,3,16,501.729888,501.729888,113.270112,136.729888
15.310,True,3,16,502.385958,502.385958,112.614042,137.385958
15.320,True,3,16,503.042457,503.042457,111.957543,138.042457
15.330,True,3,16,503.699385,503.699385,111.300615,138.699385
15.340,True,3,16,504.356741,504.356741,110.643259,139.356741
15.350,True,3,16,505.014526,505.014526,109.985474,140.014526
15.360,True,3,16,505.672740,505.672740,109.327260,140.672740
15.370,True,3,16,506.331382,506.331382,108.668618,141.331382
15.380,True,3,16,506.990453,506.990453,108.009547,141.990453
15.390,True,3,16,507.649953,507.649953,107.350047,142.649953
15.400,True,3,16,508.309882,508.309882,106.690118,143.309882
15.410,True,3,16,508.970239,508.970239,106.029761,143.970239
15.420,True,3,16,509.631024,509.631024,105.368976,144.631024
15.430,True,3,16,510.292239,510.292239,104.707761,145.292239
15.440,True,3,16,510.953882,510.953882,104.046118,145.953882
15.450,True,3,16,511.615953,511.615953,103.384047,146.615953
15.460,True,3,16,512.278454,512.278454,102.721546,147.278454
15.470,True,3,16,512.941383,512.941383,102.058617,147.941383
15.480,True,3,16,513.604740,513.604740,101.395260,148.604740
15.490,True,3,16,514.268527,514.268527,100.731473,149.268527
15.500,True,3,16,514.932742,514.932742,100.067258,149.932742
15.510,True,3,16,515.597385,515.597385,99.402615,149.402615
15.520,True,3,16,516.262458,516.262458,98.737542,148.737542
15.530,True,3,16,516.927959,516.927959,98.072041,148.072041
15.540,True,3,16,517.593888,517.593888,97.406112,147.406112
15.550,True,3,16,518.260247,518.260247,96.739753,146.739753
15.560,True,3,16,518.927034,518.927034,96.072966,146.072966
15.570,True,3,16,519.594249,519.594249,95.405751,145.405751
15.580,True,3,16,520.261894,520.261894,94.738106,144.738106
15.590,True,3,16,520.929967,520.929967,94.070033,144.070033
15.600,True,3,16,521.598468,521.598468,93.401532,143.401532
15.610,True,3,16,522.267399,522.267399,92.732601,142.732601
15.620,True,3,16,522.936758,522.936758,92.063242,142.063242
15.630,True,3,16,523.606545,523.606545,91.393455,141.393455
15.640,True,3,16,524.276762,524.276762,90.723238,140.723238
15.650,True,3,16,524.947407,524.947407,90.052593,140.052593
15.660,True,3,16,525.618480,525.618480,89.381520,139.381520
15.670,True,3,16,526.289983,526.289983,88.710017,138.710017
15.680,True,3,16,526.961914,526.961914,88.038086,138.038086
15.690,True,3,16,527.634273,527.634273,87.365727,137.365727
15.700,True,3,16,528.307061,528.307061,86.692939,136.692939
15.710,True,3,16,528.980278,528.980278,86.019722,136.019722
15.720,True,3,16,529.653924,529.653924,85.346076,135.346076
15.730,True,3,16,530.327998,530.327998,84.672002,134.672002
15.740,True,3,16,531.002501,531.002501,83.997499,133.997499
15.750,True,3,16,531.677433,531.677433,83.322567,133.322567
15.760,True,3,16,532.352793,532.352793,82.647207,132.647207
15.770,True,3,16,533.028582,533.028582,81.971418,131.971418
15.780,True,3,16,533.704800,533.704800,81.295200,131.295200
15.790,True,3,16,534.381446,534.381446,80.618554,130.618554
15.800,True,3,16,535.058521,535.058521,79.941479,129.941479
15.810,True,3,16,535.736025,535.736025,79.263975,129.263975
15.820,True,3,16,536.413957,536.413957,78.586043,128.586043
15.830,True,3,16,537.092318,537.092318,77.907682,127.907682
15.840,True,3,16,537.771107,537.771107,77.228893,127.228893
15.850,True,3,16,538.450326,538.450326,76.549674,126.549674
15.860,True,3,16,539.129972,539.129972,75.870028,125.870028
15.870,True,3,16,539.810048,539.810048,75.189952,125.189952
15.880,True,3,16,540.490552,540.490552,74.509448,124.509448
15.890,True,3,16,541.171485,541.171485,73.828515,123.828515
15.900,True,3,16,541.852847,541.852847,73.147153,123.147153
15.910,True,3,16,542.534637,542.534637,72.465363,122.465363
15.920,True,3,16,543.216856,543.216856,71.783144,121.783144
15.930,True,3,16,543.899503,543.899503,71.100497,121.100497
15.940,True,3,16,544.582580,544.582580,70.417420,120.417420
15.950,True,3,16,545.266085,545.266085,69.733915,119.733915
15.960,True,3,16,545.950018,545.950018,69.049982,119.049982
15.970,True,3,16,546.634380,546.634380,68.365620,118.365620
15.980,True,3,16,547.319171,547.319171,67.680829,117.680829
15.990,True,3,16,548.004391,548.004391,66.995609,116.995609
16.000,True,3,16,548.690039,548.690039,66.309961,116.309961
16.010,True,3,16,549.376116,549.376116,65.623884,115.623884
16.020,True,3,16,550.062621,550.062621,64.937379,114.937379
16.030,True,3,16,550.749556,550.749556,64.250444,114.250444
16.040,True,3,16,551.436919,551.436919,63.563081,113.563081
16.050,True,3,16,552.124710,552.124710,62.875290,112.875290
16.060,True,3,16,552.812930,552.812930,62.187070,112.187070
16.070,True,3,16,553.501579,553.501579,61.498421,111.498421
16.080,True,3,16,554.190657,554.190657,60.809343,110.809343
16.090,True,3,16,554.880163,554.880163,60.119837,110.119837
16.100,True,3,16,555.570098,555.570098,59.429902,109.429902
16.110,True,3,16,556.260461,556.260461,58.739539,108.739539
16.120,True,3,16,556.951253,556.951253,58.048747,108.048747
16.130,True,3,16,557.642474,557.642474,57.357526,107.357526
16.140,True,3,16,558.334124,558.334124,56.665876,106.665876
16.150,True,3,16,559.026202,559.026202,55.973798,105.973798
16.160,True,3,16,559.718709,559.718709,55.281291,105.281291
16.170,True,3,16,560.411644,560.411644,54.588356,104.588356
16.180,True,3,16,561.105009,561.105009,53.894991,103.894991
16.190,True,3,16,561.798801,561.798801,53.201199,103.201199
16.200,True,3,16,562.493023,562.493023,52.506977,102.506977
16.210,True,3,16,563.187673,563.187673,51.812327,101.812327
16.220,True,3,16,563.882752,563.882752,51.117248,101.117248
16.230,True,3,16,564.578259,564.578259,50.421741,100.421741
16.240,True,3,16,565.274196,565.274196,49.725804,99.725804
16.250,True,3,16,565.970560,565.970560,49.029440,99.029440
16.260,True,3,16,566.667354,566.667354,48.332646,98.332646
16.270,True,3,16,567.364576,567.364576,47.635424,97.635424
16.280,True,3,16,568.062227,568.062227,46.937773,96.937773
16.290,True,3,16,568.760306,568.760306,46.239694,96.239694
16.300,True,3,16,569.458814,569.458814,45.541186,95.541186
16.310,True,3,16,570.157751,570.157751,44.842249,94.842249
16.320,True,3,16,570.857117,570.857117,44.142883,94.142883
16.330,True,3,16,571.556911,571.556911,43.443089,93.443089
16.340,True,3,16,572.257134,572.257134,42.742866,92.742866
16.350,True,3,16,572.957785,572.957785,42.042215,92.042215
16.360,True,3,16,573.658865,573.658865,41.341135,91.341135
16.370,True,3,16,574.360374,574.360374,40.639626,90.639626
16.380,True,3,16,575.062311,575.062311,39.937689,89.937689
16.390,True,3,16,575.764678,575.764678,39.235322,89.235322
16.400,True,3,16,576.467472,576.467472,38.532528,88.532528
16.410,True,3,16,577.170696,577.170696,37.829304,87.829304
16.420,True,3,16,577.874348,577.874348,37.125652,87.125652
16.430,True,3,16,578.578429,578.578429,36.421571,86.421571
16.440,True,3,16,579.282938,579.282938,35.717062,85.717062
16.450,True,3,16,579.987876,579.987876,35.012124,85.012124
16.460,True,3,16,580.693243,580.693243,34.306757,84.306757
16.470,True,3,16,581.399038,581.399038,33.600962,83.600962
16.480,True,3,16,582.105262,582.105262,32.894738,82.894738
16.490,True,3,16,582.811915,582.811915,32.188085,82.188085
16.500,True,3,16,583.518997,583.518997,31.481003,81.481003
16.510,True,3,16,584.226507,584.226507,30.773493,80.773493
16.520,True,3,16,584.934445,584.934445,30.065555,80.065555
16.530,True,3,16,585.642813,585.642813,29.357187,79.357187
16.540,True,3,16,586.351609,586.351609,28.648391,78.648391
16.550,True,3,16,587.060834,587.060834,27.939166,77.939166
16.560,True,3,16,587.770487,587.770487,27.229513,77.229513
16.570,True,3,16,588.480569,588.480569,26.519431,76.519431
16.580,True,3,16,589.191080,589.191080,25.808920,75.808920
16.590,True,3,16,589.902019,589.902019,25.097981,75.097981
16.600,True,3,16,590.613387,590.613387,24.386613,74.386613
16.610,True,3,16,591.325184,591.325184,23.674816,73.674816
16.620,True,3,16,592.037409,592.037409,22.962591,72.962591
16.630,True,3,16,592.750064,592.750064,22.249936,72.249936
16.640,True,3,16,593.463146,593.463146,21.536854,71.536854
16.650,True,3,16,594.176658,594.176658,20.823342,70.823342
16.660,True,3,16,594.890598,594.890598,20.109402,70.109402
16.670,True,3,16,595.604966,595.604966,19.395034,69.395034
16.680,True,3,16,596.319764,596.319764,18.680236,68.680236
16.690,True,3,16,597.034990,597.034990,17.965010,67.965010
16.700,True,3,16,597.750645,597.750645,17.249355,67.249355
16.710,True,3,16,598.466728,598.466728,16.533272,66.533272
16.720,True,3,16,599.183240,599.183240,15.816760,65.816760
16.730,True,3,16,599.900181,599.900181,15.099819,65.099819
16.740,True,3,16,600.617550,600.617550,14.382450,64.382450
16.750,True,3,16,601.335348,601.335348,13.664652,63.664652
16.760,True,3,16,602.053575,602.053575,12.946425,62.946425
16.770,True,3,16,602.772230,602.772230,12.227770,62.227770
16.780,True,3,16,603.491314,603.491314,11.508686,61.508686
16.790,True,3,16,604.210827,604.210827,10.789173,60.789173
16.800,True,3,16,604.930768,604.930768,10.069232,60.069232
16.810,True,3,16,605.651138,605.651138,9.348862,59.348862
16.820,True,3,16,606.371937,606.371937,8.628063,58.628063
16.830,True,3,16,607.093164,607.093164,7.906836,57.906836
16.840,True,3,16,607.814820,607.814820,7.185180,57.185180
16.850,True,3,16,608.536905,608.536905,6.463095,56.463095
16.860,True,3,16,609.259418,609.259418,5.740582,55.740582
16.870,True,3,16,609.982360,609.982360,5.017640,55.017640
16.880,True,3,16,610.705731,610.705731,4.294269,54.294269
16.890,True,3,16,611.429530,611.429530,3.570470,53.570470
16.900,True,3,16,612.153758,612.153758,2.846242,52.846242
16.910,True,3,16,612.878415,612.878415,2.121585,52.121585
16.920,True,3,16,613.603500,613.603500,1.396500,51.396500
16.930,True,3,16,614.329014,614.329014,0.670986,50.670986
16.940,True,3,16,615.054957,615.054957,-0.054957,49.945043
16.950,True,3,16,615.781328,615.781328,-0.781328,49.218672
16.960,True,3,16,616.508128,616.508128,-1.508128,48.491872
16.970,True,3,16,617.235357,617.235357,-2.235357,47.764643
16.980,True,3,16,617.963014,617.963014,-2.963014,47.036986
16.990,True,3,16,618.691100,618.691100,-3.691100,46.308900
17.000,True,3,16,619.419614,619.419614,-4.419614,45.580386
17.010,True,3,16,620.148558,620.148558,-5.148558,44.851442
17.020,True,3,16,620.877930,620.877930,-5.877930,44.122070
17.030,True,3,16,621.607730,621.607730,-6.607730,43.392270
17.040,True,3,16,622.337960,622.337960,-7.337960,42.662040
17.050,True,3,16,623.068618,623.068618,-8.068618,41.931382
17.060,True,3,16,623.799704,623.799704,-8.799704,41.200296
17.070,True,3,16,624.531219,624.531219,-9.531219,40.468781
17.080,True,3,16,625.263163,625.263163,-10.263163,39.736837
17.090,True,3,16,625.995536,625.995536,-10.995536,39.004464
17.100,True,3,16,626.728337,626.728337,-11.728337,38.271663
17.110,True,3,16,627.461567,627.461567,-12.461567,37.538433
17.120,True,3,16,628.195226,628.195226,-13.195226,36.804774
17.130,True,3,16,628.929313,628.929313,-13.929313,36.070687
17.140,True,3,16,629.663829,629.663829,-14.663829,35.336171
17.150,True,3,16,630.398774,630.398774,-15.398774,34.601226
17.160,True,3,16,631.134147,631.134147,-16.134147,33.865853
17.170,True,3,16,631.869949,631.869949,-16.869949,33.130051
17.180,True,3,16,632.606179,632.606179,-17.606179,32.393821
17.190,True,3,16,633.342838,633.342838,-18.342838,31.657162
17.200,True,3,16,634.079926,634.079926,-19.079926,30.920074
17.210,True,3,16,634.817443,634.817443,-19.817443,30.182557
17.220,True,3,16,635.555388,635.555388,-20.555388,29.444612
17.230,True,3,16,636.293762,636.293762,-21.293762,28.706238
17.240,True,3,16,637.032565,637.032565,-22.032565,27.967435
17.250,True,3,16,637.771796,637.771796,-22.771796,27.228204
17.260,True,3,16,638.511456,638.511456,-23.511456,26.488544
17.270,True,3,16,639.251544,639.251544,-24.251544,25.748456
17.280,True,3,16,639.992062,639.992062,-24.992062,25.007938
17.290,True,3,16,640.733007,640.733007,-25.733007,24.266993
17.300,True,3,16,641.474382,641.474382,-26.474382,23.525618
17.310,True,3,16,642.216185,642.216185,-27.216185,22.783815
17.320,True,3,16,642.958417,642.958417,-27.958417,22.041583
17.330,True,3,16,643.701078,643.701078,-28.701078,21.298922
17.340,True,3,16,644.444167,644.444167,-29.444167,20.555833
17.350,True,3,16,645.187685,645.187685,-30.187685,19.812315
17.360,True,3,16,645.931631,645.931631,-30.931631,19.068369
17.370,True,3,16,646.676006,646.676006,-31.676006,18.323994
17.380,True,3,16,647.420810,647.420810,-32.420810,17.579190
17.390,True,3,16,648.166043,648.166043,-33.166043,16.833957
17.400,True,3,16,648.911704,648.911704,-33.911704,16.088296
17.410,True,3,16,649.657794,649.657794,-34.657794,15.342206
17.420,True,3,16,650.404312,650.404312,-35.404312,14.595688
17.430,True,3,16,651.151260,651.151260,-36.151260,13.848740
17.440,True,3,16,651.898635,651.898635,-36.898635,13.101365
17.450,True,3,16,652.646440,652.646440,-37.646440,12.353560
17.460,True,3,16,653.394673,653.394673,-38.394673,11.605327
17.470,True,3,16,654.143335,654.143335,-39.143335,10.856665
17.480,True,3,16,654.892425,654.892425,-39.892425,10.107575
17.490,True,3,16,655.641945,655.641945,-40.641945,9.358055
17.500,True,3,16,656.391892,656.391892,-41.391892,8.608108
17.510,True,3,16,657.142269,657.142269,-42.142269,7.857731
17.520,True,3,16,657.893074,657.893074,-42.893074,7.106926
17.530,True,3,16,658.644308,658.644308,-43.644308,6.355692
17.540,True,3,16,659.395970,659.395970,-44.395970,5.604030
17.550,True,3,16,660.148062,660.148062,-45.148062,4.851938
17.560,True,3,16,660.900581,660.900581,-45.900581,4.099419
17.570,True,3,16,661.653530,661.653530,-46.653530,3.346470
17.580,True,3,16,662.406907,662.406907,-47.406907,2.593093
17.590,True,3,16,663.160713,663.160713,-48.160713,1.839287
17.600,True,3,16,663.914947,663.914947,-48.914947,1.085053
17.610,True,3,16,664.669610,664.669610,-49.669610,0.330390
17.620,True,1 3,17,626.282073,626.282073,-11.282073,38.717927
17.630,True,1 3,17,626.993151,626.993151,-11.993151,38.006849
17.640,True,1 3,17,627.704632,627.704632,-12.704632,37.295368
17.650,True,1 3,17,628.416517,628.416517,-13.416517,36.583483
17.660,True,1 3,17,629.128806,629.128806,-14.128806,35.871194
17.670,True,1 3,17,629.841498,629.841498,-14.841498,35.158502
17.680,True,1 3,17,630.554593,630.554593,-15.554593,34.445407
17.690,True,1 3,17,631.268092,631.268092,-16.268092,33.731908
17.700,True,1 3,17,631.981994,631.981994,-16.981994,33.018006
17.710,True,1 3,17,632.696300,632.696300,-17.696300,32.303700
17.720,True,1 3,17,633.411009,633.411009,-18.411009,31.588991
17.730,True,1 3,17,634.126121,634.126121,-19.126121,30.873879
17.740,True,1 3,17,634.841637,634.841637,-19.841637,30.158363
17.750,True,1 3,17,635.557557,635.557557,-20.557557,29.442443
17.760,True,1 3,17,636.273880,636.273880,-21.273880,28.726120
17.770,True,1 3,17,636.990606,636.990606,-21.990606,28.009394
17.780,True,1 3,17,637.707736,637.707736,-22.707736,27.292264
17.790,True,1 3,17,638.425269,638.425269,-23.425269,26.574731
17.800,True,1 3,17,639.143206,639.143206,-24.143206,25.856794
17.810,True,1 3,17,639.861546,639.861546,-24.861546,25.138454
17.820,True,1 3,17,640.580290,640.580290,-25.580290,24.419710
17.830,True,1 3,17,641.299437,641.299437,-26.299437,23.700563
17.840,True,1 3,17,642.018987,642.018987,-27.018987,22.981013
17.850,True,1 3,17,642.738941,642.738941,-27.738941,22.261059
17.860,True,1 3,17,643.459298,643.459298,-28.459298,21.540702
17.870,True,1 3,17,644.180059,644.180059,-29.180059,20.819941
17.880,True,1 3,17,644.901224,644.901224,-29.901224,20.098776
17.890,True,1 3,17,645.622791,645.622791,-30.622791,19.377209
17.900,True,1 3,17,646.344763,646.344763,-31.344763,18.655237
17.910,True,1 3,17,647.067137,647.067137,-32.067137,17.932863
17.920,True,1 3,17,647.789915,647.789915,-32.789915,17.210085
17.930,True,1 3,17,648.513097,648.513097,-33.513097,16.486903
17.940,True,1 3,17,649.236682,649.236682,-34.236682,15.763318
17.950,True,1 3,17,649.960670,649.960670,-34.960670,15.039330
17.960,True,1 3,17,650.685062,650.685062,-35.685062,14.314938
17.970,True,1 3,17,651.409857,651.409857,-36.409857,13.590143
17.980,True,1 3,17,652.135056,652.135056,-37.135056,12.864944
17.990,True,1 3,17,652.860659,652.860659,-37.860659,12.139341
18.000,True,1 3,17,653.586664,653.586664,-38.586664,11.413336
18.010,True,1 3,17,654.313073,654.313073,-39.313073,10.686927
18.020,True,1 3,17,655.039886,655.039886,-40.039886,9.960114
18.030,True,1 3,17,655.767102,655.767102,-40.767102,9.232898
18.040,True,1 3,17,656.494721,656.494721,-41.494721,8.505279
18.050,True,1 3,17,657.222744,657.222744,-42.222744,7.777256
18.060,True,1 3,17,657.951171,657.951171,-42.951171,7.048829
18.070,True,1 3,17,658.680001,658.680001,-43.680001,6.319999
18.080,True,1 3,17,659.409234,659.409234,-44.409234,5.590766
18.090,True,1 3,17,660.138870,660.138870,-45.138870,4.861130
18.100,True,1 3,17,660.868911,660.868911,-45.868911,4.131089
18.110,True,1 3,17,661.599354,661.599354,-46.599354,3.400646
18.120,True,1 3,17,662.330201,662.330201,-47.330201,2.669799
18.130,True,1 3,17,663.061452,663.061452,-48.061452,1.938548
18.140,True,1 3,17,663.793106,663.793106,-48.793106,1.206894
18.150,True,1 3,17,664.525163,664.525163,-49.525163,0.474837
18.160,True,3 5,18,628.298867,628.298867,-13.298867,36.701133
18.170,True,3 5,18,628.991017,628.991017,-13.991017,36.008983
18.180,True,3 5,18,629.683547,629.683547,-14.683547,35.316453
18.190,True,3 5,18,630.376459,630.376459,-15.376459,34.623541
18.200,True,3 5,18,631.069752,631.069752,-16.069752,33.930248
18.210,True,3 5,18,631.763426,631.763426,-16.763426,33.236574
18.220,True,3 5,18,632.457480,632.457480,-17.457480,32.542520
18.230,True,3 5,18,633.151916,633.151916,-18.151916,31.848084
18.240,True,3 5,18,633.846733,633.846733,-18.846733,31.153267
18.250,True,3 5,18,634.541931,634.541931,-19.541931,30.458069
18.260,True,3 5,18,635.237510,635.237510,-20.237510,29.762490
18.270,True,3 5,18,635.933470,635.933470,-20.933470,29.066530
18.280,True,3 5,18,636.629811,636.629811,-21.629811,28.370189
18.290,True,3 5,18,637.326533,637.326533,-22.326533,27.673467
18.300,True,3 5,18,638.023636,638.023636,-23.023636,26.976364
18.310,True,3 5,18,638.721120,638.721120,-23.721120,26.278880
18.320,True,3 5,18,639.418985,639.418985,-24.418985,25.581015
18.330,True,3 5,18,640.117231,640.117231,-25.117231,24.882769
18.340,True,3 5,18,640.815859,640.815859,-25.815859,24.184141
18.350,True,3 5,18,641.514867,641.514867,-26.514867,23.485133
18.360,True,3 5,18,642.214256,642.214256,-27.214256,22.785744
18.370,True,3 5,18,642.914027,642.914027,-27.914027,22.085973
18.380,True,3 5,18,643.614178,643.614178,-28.614178,21.385822
18.390,True,3 5,18,644.314710,644.314710,-29.314710,20.685290
18.400,True,3 5,18,645.015624,645.015624,-30.015624,19.984376
18.410,True,3 5,18,645.716918,645.716918,-30.716918,19.283082
18.420,True,3 5,18,646.418594,646.418594,-31.418594,18.581406
18.430,True,3 5,18,647.120650,647.120650,-32.120650,17.879350
18.440,True,3 5,18,647.823088,647.823088,-32.823088,17.176912
18.450,True,3 5,18,648.525906,648.525906,-33.525906,16.474094
18.460,True,3 5,18,649.229106,649.229106,-34.229106,15.770894
18.470,True,3 5,18,649.932687,649.932687,-34.932687,15.067313
18.480,True,3 5,18,650.636648,650.636648,-35.636648,14.363352
18.490,True,3 5,18,651.340991,651.340991,-36.340991,13.659009
18.500,True,3 5,18,652.045715,652.045715,-37.045715,12.954285
18.510,True,3 5,18,652.750820,652.750820,-37.750820,12.249180
18.520,True,3 5,18,653.456305,653.456305,-38.456305,11.543695
18.530,True,3 5,18,654.162172,654.162172,-39.162172,10.837828
18.540,True,3 5,18,654.868420,654.868420,-39.868420,10.131580
18.550,True,3 5,18,655.575049,655.575049,-40.575049,9.424951
18.560,True,3 5,18,656.282059,656.282059,-41.282059,8.717941
18.570,True,3 5,18,656.989450,656.989450,-41.989450,8.010550
18.580,True,3 5,18,657.697222,657.697222,-42.697222,7.302778
18.590,True,3 5,18,658.405375,658.405375,-43.405375,6.594625
18.600,True,3 5,18,659.113909,659.113909,-44.113909,5.886091
18.610,True,3 5,18,659.822825,659.822825,-44.822825,5.177175
18.620,True,3 5,18,660.532121,660.532121,-45.532121,4.467879
18.630,True,3 5,18,661.241798,661.241798,-46.241798,3.758202
18.640,True,3 5,18,661.951856,661.951856,-46.951856,3.048144
18.650,True,3 5,18,662.662296,662.662296,-47.662296,2.337704
18.660,True,3 5,18,663.373116,663.373116,-48.373116,1.626884
18.670,True,3 5,18,664.084317,664.084317,-49.084317,0.915683
18.680,True,3 5,18,664.795900,664.795900,-49.795900,0.204100
18.690,True,3 4,20,598.957077,598.957077,16.042923,66.042923
18.700,True,3 4,20,599.598187,599.598187,15.401813,65.401813
18.710,True,3 4,20,600.239640,600.239640,14.760360,64.760360
18.720,True,3 4,20,600.881436,600.881436,14.118564,64.118564
18.730,True,3 4,20,601.523574,601.523574,13.476426,63.476426
18.740,True,3 4,20,602.166056,602.166056,12.833944,62.833944
18.750,True,3 4,20,602.808881,602.808881,12.191119,62.191119
18.760,True,3 4,20,603.452048,603.452048,11.547952,61.547952
18.770,True,3 4,20,604.095559,604.095559,10.904441,60.904441
18.780,True,3 4,20,604.739412,604.739412,10.260588,60.260588
18.790,True,3 4,20,605.383609,605.383609,9.616391,59.616391
18.800,True,3 4,20,606.028148,606.028148,8.971852,58.971852
18.810,True,3 4,20,606.673030,606.673030,8.326970,58.326970
18.820,True,3 4,20,607.318256,607.318256,7.681744,57.681744
18.830,True,3 4,20,607.963824,607.963824,7.036176,57.036176
18.840,True,3 4,20,608.609735,608.609735,6.390265,56.390265
18.850,True,3 4,20,609.255989,609.255989,5.744011,55.744011
18.860,True,3 4,20,609.902586,609.902586,5.097414,55.097414
18.870,True,3 4,20,610.549526,610.549526,4.450474,54.450474
18.880,True,3 4,20,611.196808,611.196808,3.803192,53.803192
18.890,True,3 4,20,611.844434,611.844434,3.155566,53.155566
18.900,True,3 4,20,612.492403,612.492403,2.507597,52.507597
18.910,True,3 4,20,613.140714,613.140714,1.859286,51.859286
18.920,True,3 4,20,613.789369,613.789369,1.210631,51.210631
18.930,True,3 4,20,614.438366,614.438366,0.561634,50.561634
18.940,True,3 4,20,615.087707,615.087707,-0.087707,49.912293
18.950,True,3 4,20,615.737390,615.737390,-0.737390,49.262610
18.960,True,3 4,20,616.387416,616.387416,-1.387416,48.612584
18.970,True,3 4,20,617.037785,617.037785,-2.037785,47.962215
18.980,True,3 4,20,617.688497,617.688497,-2.688497,47.311503
18.990,True,3 4,20,618.339552,618.339552,-3.339552,46.660448
19.000,True,3 4,20,618.990950,618.990950,-3.990950,46.009050
19.010,True,3 4,20,619.642691,619.642691,-4.642691,45.357309
19.020,True,3 4,20,620.294775,620.294775,-5.294775,44.705225
19.030,True,3 4,20,620.947202,620.947202,-5.947202,44.052798
19.040,True,3 4,20,621.599971,621.599971,-6.599971,43.400029
19.050,True,3 4,20,622.253084,622.253084,-7.253084,42.746916
19.060,True,3 4,20,622.906540,622.906540,-7.906540,42.093460
19.070,True,3 4,20,623.560338,623.560338,-8.560338,41.439662
19.080,True,3 4,20,624.214479,624.214479,-9.214479,40.785521
19.090,True,3 4,20,624.868964,624.868964,-9.868964,40.131036
19.100,True,3 4,20,625.523791,625.523791,-10.523791,39.476209
19.110,True,3 4,20,626.178961,626.178961,-11.178961,38.821039
19.120,True,3 4,20,626.834474,626.834474,-11.834474,38.165526
19.130,True,3 4,20,627.490330,627.490330,-12.490330,37.509670
19.140,True,3 4,20,628.146529,628.146529,-13.146529,36.853471
19.150,True,3 4,20,628.803071,628.803071,-13.803071,36.196929
19.160,True,3 4,20,629.459956,629.459956,-14.459956,35.540044
19.170,True,3 4,20,630.117184,630.117184,-15.117184,34.882816
19.180,True,3 4,20,630.774755,630.774755,-15.774755,34.225245
19.190,True,3 4,20,631.432668,631.432668,-16.432668,33.567332
19.200,True,3 4,20,632.090925,632.090925,-17.090925,32.909075
19.210,True,3 4,20,632.749525,632.749525,-17.749525,32.250475
19.220,True,3 4,20,633.408467,633.408467,-18.408467,31.591533
19.230,True,3 4,20,634.067752,634.067752,-19.067752,30.932248
19.240,True,3 4,20,634.727381,634.727381,-19.727381,30.272619
19.250,True,3 4,20,635.387352,635.387352,-20.387352,29.612648
19.260,True,3 4,20,636.047666,636.047666,-21.047666,28.952334
19.270,True,3 4,20,636.708323,636.708323,-21.708323,28.291677
19.280,True,3 4,20,637.369323,637.369323,-22.369323,27.630677
19.290,True,3 4,20,638.030666,638.030666,-23.030666,26.969334
19.300,True,3 4,20,638.692352,638.692352,-23.692352,26.307648
19.310,True,3 4,20,639.354381,639.354381,-24.354381,25.645619
19.320,True,3 4,20,640.016753,640.016753,-25.016753,24.983247
19.330,True,3 4,20,640.679467,640.679467,-25.679467,24.320533
19.340,True,3 4,20,641.342525,641.342525,-26.342525,23.657475
19.350,True,3 4,20,642.005925,642.005925,-27.005925,22.994075
19.360,True,3 4,20,642.669669,642.669669,-27.669669,22.330331
19.370,True,3 4,20,643.333755,643.333755,-28.333755,21.666245
19.380,True,3 4,20,643.998185,643.998185,-28.998185,21.001815
19.390,True,3 4,20,644.662957,644.662957,-29.662957,20.337043
19.400,True,3 4,20,645.328072,645.328072,-30.328072,19.671928
19.410,True,3 4,20,645.993530,645.993530,-30.993530,19.006470
19.420,True,3 4,20,646.659331,646.659331,-31.659331,18.340669
19.430,True,3 4,20,647.325475,647.325475,-32.325475,17.674525
19.440,True,3 4,20,647.991962,647.991962,-32.991962,17.008038
19.450,True,3 4,20,648.658792,648.658792,-33.658792,16.341208
19.460,True,3 4,20,649.325965,649.325965,-34.325965,15.674035
19.470,True,3 4,20,649.993481,649.993481,-34.993481,15.006519
19.480,True,3 4,20,650.661339,650.661339,-35.661339,14.338661
19.490,True,3 4,20,651.329541,651.329541,-36.329541,13.670459
19.500,True,3 4,20,651.998085,651.998085,-36.998085,13.001915
19.510,True,3 4,20,652.666973,652.666973,-37.666973,12.333027
19.520,True,3 4,20,653.336203,653.336203,-38.336203,11.663797
19.530,True,3 4,20,654.005777,654.005777,-39.005777,10.994223
19.540,True,3 4,20,654.675693,654.675693,-39.675693,10.324307
19.550,True,3 4,20,655.345952,655.345952,-40.345952,9.654048
19.560,True,3 4,20,656.016554,656.016554,-41.016554,8.983446
19.570,True,3 4,20,656.687499,656.687499,-41.687499,8.312501
19.580,True,3 4,20,657.358787,657.358787,-42.358787,7.641213
19.590,True,3 4,20,658.030418,658.030418,-43.030418,6.969582
19.600,True,3 4,20,658.702392,658.702392,-43.702392,6.297608
19.610,True,3 4,20,659.374709,659.374709,-44.374709,5.625291
19.620,True,3 4,20,660.047368,660.047368,-45.047368,4.952632
19.630,True,3 4,20,660.720371,660.720371,-45.720371,4.279629
19.640,True,3 4,20,661.393717,661.393717,-46.393717,3.606283
19.650,True,3 4,20,662.067405,662.067405,-47.067405,2.932595
19.660,True,3 4,20,662.741436,662.741436,-47.741436,2.258564
19.670,True,3 4,20,663.415811,663.415811,-48.415811,1.584189
19.680,True,3 4,20,664.090528,664.090528,-49.090528,0.909472
19.690,True,3 4,20,664.765588,664.765588,-49.765588,0.234412
19.700,True,2 3,24,554.534160,554.534160,60.465840,110.465840
19.710,True,2 3,24,555.097281,555.097281,59.902719,109.902719
19.720,True,2 3,24,555.660689,555.660689,59.339311,109.339311
19.730,True,2 3,24,556.224382,556.224382,58.775618,108.775618
19.740,True,2 3,24,556.788361,556.788361,58.211639,108.211639
19.750,True,2 3,24,557.352626,557.352626,57.647374,107.647374
19.760,True,2 3,24,557.917177,557.917177,57.082823,107.082823
19.770,True,2 3,24,558.482013,558.482013,56.517987,106.517987
19.780,True,2 3,24,559.047135,559.047135,55.952865,105.952865
19.790,True,2 3,24,559.612543,559.612543,55.387457,105.387457
19.800,True,2 3,24,560.178237,560.178237,54.821763,104.821763
19.810,True,2 3,24,560.744216,560.744216,54.255784,104.255784
19.820,True,2 3,24,561.310482,561.310482,53.689518,103.689518
19.830,True,2 3,24,561.877033,561.877033,53.122967,103.122967
19.840,True,2 3,24,562.443869,562.443869,52.556131,102.556131
19.850,True,2 3,24,563.010992,563.010992,51.989008,101.989008
19.860,True,2 3,24,563.578400,563.578400,51.421600,101.421600
19.870,True,2 3,24,564.146094,564.146094,50.853906,100.853906
19.880,True,2 3,24,564.714074,564.714074,50.285926,100.285926
19.890,True,2 3,24,565.282340,565.282340,49.717660,99.717660
19.900,True,2 3,24,565.850892,565.850892,49.149108,99.149108
19.910,True,2 3,24,566.419729,566.419729,48.580271,98.580271
19.920,True,2 3,24,566.988852,566.988852,48.011148,98.011148
19.930,True,2 3,24,567.558261,567.558261,47.441739,97.441739
19.940,True,2 3,24,568.127955,568.127955,46.872045,96.872045
19.950,True,2 3,24,568.697936,568.697936,46.302064,96.302064
19.960,True,2 3,24,569.268202,569.268202,45.731798,95.731798
19.970,True,2 3,24,569.838754,569.838754,45.161246,95.161246
19.980,True,2 3,24,570.409591,570.409591,44.590409,94.590409
19.990,True,2 3,24,570.980715,570.980715,44.019285,94.019285
20.000,True,2 3,24,571.552124,571.552124,43.447876,93.447876
20.010,True,2 3,24,572.123819,572.123819,42.876181,92.876181
20.020,True,2 3,24,572.695800,572.695800,42.304200,92.304200
20.030,True,2 3,24,573.268066,573.268066,41.731934,91.731934
20.040,True,2 3,24,573.840619,573.840619,41.159381,91.159381
20.050,True,2 3,24,574.413457,574.413457,40.586543,90.586543
20.060,True,2 3,24,574.986581,574.986581,40.013419,90.013419
20.070,True,2 3,24,575.559990,575.559990,39.440010,89.440010
20.080,True,2 3,24,576.133686,576.133686,38.866314,88.866314
20.090,True,2 3,24,576.707667,576.707667,38.292333,88.292333
20.100,True,2 3,24,577.281934,577.281934,37.718066,87.718066
20.110,True,2 3,24,577.856487,577.856487,37.143513,87.143513
20.120,True,2 3,24,578.431325,578.431325,36.568675,86.568675
20.130,True,2 3,24,579.006450,579.006450,35.993550,85.993550
20.140,True,2 3,24,579.581860,579.581860,35.418140,85.418140
20.150,True,2 3,24,580.157556,580.157556,34.842444,84.842444
20.160,True,2 3,24,580.733537,580.733537,34.266463,84.266463
20.170,True,2 3,24,581.309805,581.309805,33.690195,83.690195
20.180,True,2 3,24,581.886358,581.886358,33.113642,83.113642
20.190,True,2 3,24,582.463197,582.463197,32.536803,82.536803
20.200,True,2 3,24,583.040322,583.040322,31.959678,81.959678
20.210,True,2 3,24,583.617732,583.617732,31.382268,81.382268
20.220,True,2 3,24,584.195429,584.195429,30.804571,80.804571
20.230,True,2 3,24,584.773411,584.773411,30.226589,80.226589
20.240,True,2 3,24,585.351679,585.351679,29.648321,79.648321
20.250,True,2 3,24,585.930232,585.930232,29.069768,79.069768
20.260,True,2 3,24,586.509072,586.509072,28.490928,78.490928
20.270,True,2 3,24,587.088197,587.088197,27.911803,77.911803
20.280,True,2 3,24,587.667608,587.667608,27.332392,77.332392
20.290,True,2 3,24,588.247304,588.247304,26.752696,76.752696
20.300,True,2 3,24,588.827287,588.827287,26.172713,76.172713
20.310,True,2 3,24,589.407555,589.407555,25.592445,75.592445
20.320,True,2 3,24,589.988109,589.988109,25.011891,75.011891
20.330,True,2 3,24,590.568949,590.568949,24.431051,74.431051
20.340,True,2 3,24,591.150075,591.150075,23.849925,73.849925
20.350,True,2 3,24,591.731486,591.731486,23.268514,73.268514
20.360,True,2 3,24,592.313183,592.313183,22.686817,72.686817
20.370,True,2 3,24,592.895166,592.895166,22.104834,72.104834
20.380,True,2 3,24,593.477435,593.477435,21.522565,71.522565
20.390,True,2 3,24,594.059990,594.059990,20.940010,70.940010
20.400,True,2 3,24,594.642830,594.642830,20.357170,70.357170
20.410,True,2 3,24,595.225956,595.225956,19.774044,69.774044
20.420,True,2 3,24,595.809368,595.809368,19.190632,69.190632
20.430,True,2 3,24,596.393065,596.393065,18.606935,68.606935
20.440,True,2 3,24,596.977049,596.977049,18.022951,68.022951
20.450,True,2 3,24,597.561318,597.561318,17.438682,67.438682
20.460,True,2 3,24,598.145873,598.145873,16.854127,66.854127
20.470,True,2 3,24,598.730714,598.730714,16.269286,66.269286
20.480,True,2 3,24,599.315840,599.315840,15.684160,65.684160
20.490,True,2 3,24,599.901252,599.901252,15.098748,65.098748
20.500,True,2 3,24,600.486950,600.486950,14.513050,64.513050
20.510,True,2 3,24,601.072934,601.072934,13.927066,63.927066
20.520,True,2 3,24,601.659204,601.659204,13.340796,63.340796
20.530,True,2 3,24,602.245759,602.245759,12.754241,62.754241
20.540,True,2 3,24,602.832600,602.832600,12.167400,62.167400
20.550,True,2 3,24,603.419727,603.419727,11.580273,61.580273
20.560,True,2 3,24,604.007140,604.007140,10.992860,60.992860
20.570,True,2 3,24,604.594838,604.594838,10.405162,60.405162
20.580,True,2 3,24,605.182823,605.182823,9.817177,59.817177
20.590,True,2 3,24,605.771093,605.771093,9.228907,59.228907
20.600,True,2 3,24,606.359648,606.359648,8.640352,58.640352
20.610,True,2 3,24,606.948490,606.948490,8.051510,58.051510
20.620,True,2 3,24,607.537617,607.537617,7.462383,57.462383
20.630,True,2 3,24,608.127030,608.127030,6.872970,56.872970
20.640,True,2 3,24,608.716729,608.716729,6.283271,56.283271
20.650,True,2 3,24,609.306714,609.306714,5.693286,55.693286
20.660,True,2 3,24,609.896984,609.896984,5.103016,55.103016
20.670,True,2 3,24,610.487541,610.487541,4.512459,54.512459
20.680,True,2 3,24,611.078383,611.078383,3.921617,53.921617
20.690,True,2 3,24,611.669511,611.669511,3.330489,53.330489
20.700,True,2 3,24,612.260924,612.260924,2.739076,52.739076
20.710,True,2 3,24,612.852623,612.852623,2.147377,52.147377
20.720,True,2 3,24,613.444609,613.444609,1.555391,51.555391
20.730,True,2 3,24,614.036879,614.036879,0.963121,50.963121
20.740,True,2 3,24,614.629436,614.629436,0.370564,50.370564
20.750,True,2 3,24,615.222279,615.222279,-0.222279,49.777721
20.760,True,2 3,24,615.815407,615.815407,-0.815407,49.184593
20.770,True,2 3,24,616.408821,616.408821,-1.408821,48.591179
20.780,True,2 3,24,617.002520,617.002520,-2.002520,47.997480
20.790,True,2 3,24,617.596506,617.596506,-2.596506,47.403494
20.800,True,2 3,24,618.190777,618.190777,-3.190777,46.809223
20.810,True,2 3,24,618.785334,618.785334,-3.785334,46.214666
20.820,True,2 3,24,619.380177,619.380177,-4.380177,45.619823
20.830,True,2 3,24,619.975306,619.975306,-4.975306,45.024694
20.840,True,2 3,24,620.570720,620.570720,-5.570720,44.429280
20.850,True,2 3,24,621.166421,621.166421,-6.166421,43.833579
20.860,True,2 3,24,621.762407,621.762407,-6.762407,43.237593
20.870,True,2 3,24,622.358678,622.358678,-7.358678,42.641322
20.880,True,2 3,24,622.955236,622.955236,-7.955236,42.044764
20.890,True,2 3,24,623.552079,623.552079,-8.552079,41.447921
20.900,True,2 3,24,624.149208,624.149208,-9.149208,40.850792
20.910,True,2 3,24,624.746623,624.746623,-9.746623,40.253377
20.920,True,2 3,24,625.344324,625.344324,-10.344324,39.655676
20.930,True,2 3,24,625.942310,625.942310,-10.942310,39.057690
20.940,True,2 3,24,626.540582,626.540582,-11.540582,38.459418
20.950,True,2 3,24,627.139140,627.139140,-12.139140,37.860860
20.960,True,2 3,24,627.737984,627.737984,-12.737984,37.262016
20.970,True,2 3,24,628.337114,628.337114,-13.337114,36.662886
20.980,True,2 3,24,628.936529,628.936529,-13.936529,36.063471
20.990,True,2 3,24,629.536230,629.536230,-14.536230,35.463770
21.000,True,2 3,24,630.136217,630.136217,-15.136217,34.863783
21.010,True,2 3,24,630.736489,630.736489,-15.736489,34.263511
21.020,True,2 3,24,631.337048,631.337048,-16.337048,33.662952
21.030,True,2 3,24,631.937892,631.937892,-16.937892,33.062108
21.040,True,2 3,24,632.539022,632.539022,-17.539022,32.460978
21.050,True,2 3,24,633.140438,633.140438,-18.140438,31.859562
21.060,True,2 3,24,633.742139,633.742139,-18.742139,31.257861
21.070,True,2 3,24,634.344126,634.344126,-19.344126,30.655874
21.080,True,2 3,24,634.946399,634.946399,-19.946399,30.053601
21.090,True,2 3,24,635.548958,635.548958,-20.548958,29.451042
21.100,True,2 3,24,636.151803,636.151803,-21.151803,28.848197
21.110,True,2 3,24,636.754933,636.754933,-21.754933,28.245067
21.120,True,2 3,24,637.358349,637.358349,-22.358349,27.641651
21.130,True,2 3,24,637.962051,637.962051,-22.962051,27.037949
21.140,True,2 3,24,638.566039,638.566039,-23.566039,26.433961
21.150,True,2 3,24,639.170313,639.170313,-24.170313,25.829687
21.160,True,2 3,24,639.774872,639.774872,-24.774872,25.225128
21.170,True,2 3,24,640.379717,640.379717,-25.379717,24.620283
21.180,True,2 3,24,640.984848,640.984848,-25.984848,24.015152
21.190,True,2 3,24,641.590264,641.590264,-26.590264,23.409736
21.200,True,2 3,24,642.195967,642.195967,-27.195967,22.804033
21.210,True,2 3,24,642.801955,642.801955,-27.801955,22.198045
21.220,True,2 3,24,643.408229,643.408229,-28.408229,21.591771
21.230,True,2 3,24,644.014788,644.014788,-29.014788,20.985212
21.240,True,2 3,24,644.621634,644.621634,-29.621634,20.378366
21.250,True,2 3,24,645.228765,645.228765,-30.228765,19.771235
21.260,True,2 3,24,645.836182,645.836182,-30.836182,19.163818
21.270,True,2 3,24,646.443885,646.443885,-31.443885,18.556115
21.280,True,2 3,24,647.051873,647.051873,-32.051873,17.948127
21.290,True,2 3,24,647.660148,647.660148,-32.660148,17.339852
21.300,True,2 3,24,648.268708,648.268708,-33.268708,16.731292
21.310,True,2 3,24,648.877554,648.877554,-33.877554,16.122446
21.320,True,2 3,24,649.486685,649.486685,-34.486685,15.513315
21.330,True,2 3,24,650.096103,650.096103,-35.096103,14.903897
21.340,True,2 3,24,650.705806,650.705806,-35.705806,14.294194
21.350,True,2 3,24,651.315795,651.315795,-36.315795,13.684205
21.360,True,2 3,24,651.926070,651.926070,-36.926070,13.073930
21.370,True,2 3,24,652.536630,652.536630,-37.536630,12.463370
21.380,True,2 3,24,653.147477,653.147477,-38.147477,11.852523
21.390,True,2 3,24,653.758609,653.758609,-38.758609,11.241391
21.400,True,2 3,24,654.370027,654.370027,-39.370027,10.629973
21.410,True,2 3,24,654.981730,654.981730,-39.981730,10.018270
21.420,True,2 3,24,655.593720,655.593720,-40.593720,9.406280
21.430,True,2 3,24,656.205995,656.205995,-41.205995,8.794005
21.440,True,2 3,24,656.818556,656.818556,-41.818556,8.181444
21.450,True,2 3,24,657.431403,657.431403,-42.431403,7.568597
21.460,True,2 3,24,658.044535,658.044535,-43.044535,6.955465
21.470,True,2 3,24,658.657954,658.657954,-43.657954,6.342046
21.480,True,2 3,24,659.271658,659.271658,-44.271658,5.728342
21.490,True,2 3,24,659.885648,659.885648,-44.885648,5.114352
21.500,True,2 3,24,660.499923,660.499923,-45.499923,4.500077
21.510,True,2 3,24,661.114485,661.114485,-46.114485,3.885515
21.520,True,2 3,24,661.729332,661.729332,-46.729332,3.270668
21.530,True,2 3,24,662.344465,662.344465,-47.344465,2.655535
21.540,True,2 3,24,662.959884,662.959884,-47.959884,2.040116
21.550,True,2 3,24,663.575588,663.575588,-48.575588,1.424412
21.560,True,2 3,24,664.191579,664.191579,-49.191579,0.808421
21.570,True,2 3,24,664.807855,664.807855,-49.807855,0.192145
21.580,True,1 2 3,25,638.807440,638.807440,-23.807440,26.192560
21.590,True,1 2 3,25,639.399614,639.399614,-24.399614,25.600386
21.600,True,1 2 3,25,639.992062,639.992062,-24.992062,25.007938
21.610,True,1 2 3,25,640.584784,640.584784,-25.584784,24.415216
21.620,True,1 2 3,25,641.177781,641.177781,-26.177781,23.822219
21.630,True,1 2 3,25,641.771052,641.771052,-26.771052,23.228948
21.640,True,1 2 3,25,642.364597,642.364597,-27.364597,22.635403
21.650,True,1 2 3,25,642.958417,642.958417,-27.958417,22.041583
21.660,True,1 2 3,25,643.552511,643.552511,-28.552511,21.447489
21.670,True,1 2 3,25,644.146880,644.146880,-29.146880,20.853120
21.680,True,1 2 3,25,644.741523,644.741523,-29.741523,20.258477
21.690,True,1 2 3,25,645.336440,645.336440,-30.336440,19.663560
21.700,True,1 2 3,25,645.931631,645.931631,-30.931631,19.068369
21.710,True,1 2 3,25,646.527097,646.527097,-31.527097,18.472903
21.720,True,1 2 3,25,647.122837,647.122837,-32.122837,17.877163
21.730,True,1 2 3,25,647.718852,647.718852,-32.718852,17.281148
21.740,True,1 2 3,25,648.315141,648.315141,-33.315141,16.684859
21.750,True,1 2 3,25,648.911704,648.911704,-33.911704,16.088296
21.760,True,1 2 3,25,649.508542,649.508542,-34.508542,15.491458
21.770,True,1 2 3,25,650.105654,650.105654,-35.105654,14.894346
21.780,True,1 2 3,25,650.703040,650.703040,-35.703040,14.296960
21.790,True,1 2 3,25,651.300700,651.300700,-36.300700,13.699300
21.800,True,1 2 3,25,651.898635,651.898635,-36.898635,13.101365
21.810,True,1 2 3,25,652.496845,652.496845,-37.496845,12.503155
21.820,True,1 2 3,25,653.095328,653.095328,-38.095328,11.904672
21.830,True,1 2 3,25,653.694086,653.694086,-38.694086,11.305914
21.840,True,1 2 3,25,654.293119,654.293119,-39.293119,10.706881
21.850,True,1 2 3,25,654.892425,654.892425,-39.892425,10.107575
21.860,True,1 2 3,25,655.492006,655.492006,-40.492006,9.507994
21.870,True,1 2 3,25,656.091862,656.091862,-41.091862,8.908138
21.880,True,1 2 3,25,656.691992,656.691992,-41.691992,8.308008
21.890,True,1 2 3,25,657.292396,657.292396,-42.292396,7.707604
21.900,True,1 2 3,25,657.893074,657.893074,-42.893074,7.106926
21.910,True,1 2 3,25,658.494027,658.494027,-43.494027,6.505973
21.920,True,1 2 3,25,659.095254,659.095254,-44.095254,5.904746
21.930,True,1 2 3,25,659.696755,659.696755,-44.696755,5.303245
21.940,True,1 2 3,25,660.298531,660.298531,-45.298531,4.701469
21.950,True,1 2 3,25,660.900581,660.900581,-45.900581,4.099419
21.960,True,1 2 3,25,661.502906,661.502906,-46.502906,3.497094
21.970,True,1 2 3,25,662.105505,662.105505,-47.105505,2.894495
21.980,True,1 2 3,25,662.708378,662.708378,-47.708378,2.291622
21.990,True,1 2 3,25,663.311525,663.311525,-48.311525,1.688475
22.000,True,1 2 3,25,663.914947,663.914947,-48.914947,1.085053
22.010,True,1 2 3,25,664.518643,664.518643,-49.518643,0.481357
22.020,True,2 3 5,26,639.540975,639.540975,-24.540975,25.459025
22.030,True,2 3 5,26,640.121980,640.121980,-25.121980,24.878020
22.040,True,2 3 5,26,640.703248,640.703248,-25.703248,24.296752
22.050,True,2 3 5,26,641.284781,641.284781,-26.284781,23.715219
22.060,True,2 3 5,26,641.866577,641.866577,-26.866577,23.133423
22.070,True,2 3 5,26,642.448637,642.448637,-27.448637,22.551363
22.080,True,2 3 5,26,643.030960,643.030960,-28.030960,21.969040
22.090,True,2 3 5,26,643.613548,643.613548,-28.613548,21.386452
22.100,True,2 3 5,26,644.196399,644.196399,-29.196399,20.803601
22.110,True,2 3 5,26,644.779514,644.779514,-29.779514,20.220486
22.120,True,2 3 5,26,645.362893,645.362893,-30.362893,19.637107
22.130,True,2 3 5,26,645.946536,645.946536,-30.946536,19.053464
22.140,True,2 3 5,26,646.530442,646.530442,-31.530442,18.469558
22.150,True,2 3 5,26,647.114612,647.114612,-32.114612,17.885388
22.160,True,2 3 5,26,647.699046,647.699046,-32.699046,17.300954
22.170,True,2 3 5,26,648.283744,648.283744,-33.283744,16.716256
22.180,True,2 3 5,26,648.868706,648.868706,-33.868706,16.131294
22.190,True,2 3 5,26,649.453931,649.453931,-34.453931,15.546069
22.200,True,2 3 5,26,650.039420,650.039420,-35.039420,14.960580
22.210,True,2 3 5,26,650.625173,650.625173,-35.625173,14.374827
22.220,True,2 3 5,26,651.211190,651.211190,-36.211190,13.788810
22.230,True,2 3 5,26,651.797471,651.797471,-36.797471,13.202529
22.240,True,2 3 5,26,652.384015,652.384015,-37.384015,12.615985
22.250,True,2 3 5,26,652.970823,652.970823,-37.970823,12.029177
22.260,True,2 3 5,26,653.557895,653.557895,-38.557895,11.442105
22.270,True,2 3 5,26,654.145231,654.145231,-39.145231,10.854769
22.280,True,2 3 5,26,654.732831,654.732831,-39.732831,10.267169
22.290,True,2 3 5,26,655.320694,655.320694,-40.320694,9.679306
22.300,True,2 3 5,26,655.908821,655.908821,-40.908821,9.091179
22.310,True,2 3 5,26,656.497212,656.497212,-41.497212,8.502788
22.320,True,2 3 5,26,657.085867,657.085867,-42.085867,7.914133
22.330,True,2 3 5,26,657.674785,657.674785,-42.674785,7.325215
22.340,True,2 3 5,26,658.263967,658.263967,-43.263967,6.736033
22.350,True,2 3 5,26,658.853414,658.853414,-43.853414,6.146586
22.360,True,2 3 5,26,659.443123,659.443123,-44.443123,5.556877
22.370,True,2 3 5,26,660.033097,660.033097,-45.033097,4.966903
22.380,True,2 3 5,26,660.623335,660.623335,-45.623335,4.376665
22.390,True,2 3 5,26,661.213836,661.213836,-46.213836,3.786164
22.400,True,2 3 5,26,661.804601,661.804601,-46.804601,3.195399
22.410,True,2 3 5,26,662.395630,662.395630,-47.395630,2.604370
22.420,True,2 3 5,26,662.986922,662.986922,-47.986922,2.013078
22.430,True,2 3 5,26,663.578479,663.578479,-48.578479,1.421521
22.440,True,2 3 5,26,664.170299,664.170299,-49.170299,0.829701
22.450,True,2 3 5,26,664.762383,664.762383,-49.762383,0.237617
22.460,True,2 3 4,28,617.829393,617.829393,-2.829393,47.170607
22.470,True,2 3 4,28,618.379675,618.379675,-3.379675,46.620325
22.480,True,2 3 4,28,618.930203,618.930203,-3.930203,46.069797
22.490,True,2 3 4,28,619.480975,619.480975,-4.480975,45.519025
22.500,True,2 3 4,28,620.031992,620.031992,-5.031992,44.968008
22.510,True,2 3 4,28,620.583254,620.583254,-5.583254,44.416746
22.520,True,2 3 4,28,621.134761,621.134761,-6.134761,43.865239
22.530,True,2 3 4,28,621.686513,621.686513,-6.686513,43.313487
22.540,True,2 3 4,28,622.238509,622.238509,-7.238509,42.761491
22.550,True,2 3 4,28,622.790751,622.790751,-7.790751,42.209249
22.560,True,2 3 4,28,623.343238,623.343238,-8.343238,41.656762
22.570,True,2 3 4,28,623.895970,623.895970,-8.895970,41.104030
22.580,True,2 3 4,28,624.448947,624.448947,-9.448947,40.551053
22.590,True,2 3 4,28,625.002168,625.002168,-10.002168,39.997832
22.600,True,2 3 4,28,625.555635,625.555635,-10.555635,39.444365
22.610,True,2 3 4,28,626.109346,626.109346,-11.109346,38.890654
22.620,True,2 3 4,28,626.663303,626.663303,-11.663303,38.336697
22.630,True,2 3 4,28,627.217504,627.217504,-12.217504,37.782496
22.640,True,2 3 4,28,627.771951,627.771951,-12.771951,37.228049
22.650,True,2 3 4,28,628.326642,628.326642,-13.326642,36.673358
22.660,True,2 3 4,28,628.881578,628.881578,-13.881578,36.118422
22.670,True,2 3 4,28,629.436759,629.436759,-14.436759,35.563241
22.680,True,2 3 4,28,629.992186,629.992186,-14.992186,35.007814
22.690,True,2 3 4,28,630.547857,630.547857,-15.547857,34.452143
22.700,True,2 3 4,28,631.103773,631.103773,-16.103773,33.896227
22.710,True,2 3 4,28,631.659934,631.659934,-16.659934,33.340066
22.720,True,2 3 4,28,632.216340,632.216340,-17.216340,32.783660
22.730,True,2 3 4,28,632.772991,632.772991,-17.772991,32.227009
22.740,True,2 3 4,28,633.329887,633.329887,-18.329887,31.670113
22.750,True,2 3 4,28,633.887028,633.887028,-18.887028,31.112972
22.760,True,2 3 4,28,634.444413,634.444413,-19.444413,30.555587
22.770,True,2 3 4,28,635.002044,635.002044,-20.002044,29.997956
22.780,True,2 3 4,28,635.559920,635.559920,-20.559920,29.440080
22.790,True,2 3 4,28,636.118040,636.118040,-21.118040,28.881960
22.800,True,2 3 4,28,636.676406,636.676406,-21.676406,28.323594
22.810,True,2 3 4,28,637.235017,637.235017,-22.235017,27.764983
22.820,True,2 3 4,28,637.793872,637.793872,-22.793872,27.206128
22.830,True,2 3 4,28,638.352973,638.352973,-23.352973,26.647027
22.840,True,2 3 4,28,638.912318,638.912318,-23.912318,26.087682
22.850,True,2 3 4,28,639.471908,639.471908,-24.471908,25.528092
22.860,True,2 3 4,28,640.031744,640.031744,-25.031744,24.968256
22.870,True,2 3 4,28,640.591824,640.591824,-25.591824,24.408176
22.880,True,2 3 4,28,641.152149,641.152149,-26.152149,23.847851
22.890,True,2 3 4,28,641.712719,641.712719,-26.712719,23.287281
22.900,True,2 3 4,28,642.273534,642.273534,-27.273534,22.726466
22.910,True,2 3 4,28,642.834594,642.834594,-27.834594,22.165406
22.920,True,2 3 4,28,643.395899,643.395899,-28.395899,21.604101
22.930,True,2 3 4,28,643.957449,643.957449,-28.957449,21.042551
22.940,True,2 3 4,28,644.519244,644.519244,-29.519244,20.480756
22.950,True,2 3 4,28,645.081284,645.081284,-30.081284,19.918716
22.960,True,2 3 4,28,645.643569,645.643569,-30.643569,19.356431
22.970,True,2 3 4,28,646.206099,646.206099,-31.206099,18.793901
22.980,True,2 3 4,28,646.768873,646.768873,-31.768873,18.231127
22.990,True,2 3 4,28,647.331893,647.331893,-32.331893,17.668107
23.000,True,2 3 4,28,647.895158,647.895158,-32.895158,17.104842
23.010,True,2 3 4,28,648.458667,648.458667,-33.458667,16.541333
23.020,True,2 3 4,28,649.022422,649.022422,-34.022422,15.977578
23.030,True,2 3 4,28,649.586421,649.586421,-34.586421,15.413579
23.040,True,2 3 4,28,650.150666,650.150666,-35.150666,14.849334
23.050,True,2 3 4,28,650.715155,650.715155,-35.715155,14.284845
23.060,True,2 3 4,28,651.279889,651.279889,-36.279889,13.720111
23.070,True,2 3 4,28,651.844869,651.844869,-36.844869,13.155131
23.080,True,2 3 4,28,652.410093,652.410093,-37.410093,12.589907
23.090,True,2 3 4,28,652.975562,652.975562,-37.975562,12.024438
23.100,True,2 3 4,28,653.541276,653.541276,-38.541276,11.458724
23.110,True,2 3 4,28,654.107235,654.107235,-39.107235,10.892765
23.120,True,2 3 4,28,654.673439,654.673439,-39.673439,10.326561
23.130,True,2 3 4,28,655.239888,655.239888,-40.239888,9.760112
23.140,True,2 3 4,28,655.806582,655.806582,-40.806582,9.193418
23.150,True,2 3 4,28,656.373521,656.373521,-41.373521,8.626479
23.160,True,2 3 4,28,656.940705,656.940705,-41.940705,8.059295
23.170,True,2 3 4,28,657.508134,657.508134,-42.508134,7.491866
23.180,True,2 3 4,28,658.075807,658.075807,-43.075807,6.924193
23.190,True,2 3 4,28,658.643726,658.643726,-43.643726,6.356274
23.200,True,2 3 4,28,659.211890,659.211890,-44.211890,5.788110
23.210,True,2 3 4,28,659.780298,659.780298,-44.780298,5.219702
23.220,True,2 3 4,28,660.348952,660.348952,-45.348952,4.651048
23.230,True,2 3 4,28,660.917850,660.917850,-45.917850,4.082150
23.240,True,2 3 4,28,661.486994,661.486994,-46.486994,3.513006
23.250,True,2 3 4,28,662.056382,662.056382,-47.056382,2.943618
23.260,True,2 3 4,28,662.626016,662.626016,-47.626016,2.373984
23.270,True,2 3 4,28,663.195894,663.195894,-48.195894,1.804106
23.280,True,2 3 4,28,663.766017,663.766017,-48.766017,1.233983
23.290,True,2 3 4,28,664.336385,664.336385,-49.336385,0.663615
23.300,True,2 3 4,28,664.906998,664.906998,-49.906998,0.093002
23.310,True,1 2 3 4,29,642.530344,642.530344,-27.530344,22.469656
23.320,True,1 2 3 4,29,643.081754,643.081754,-28.081754,21.918246
23.330,True,1 2 3 4,29,643.633400,643.633400,-28.633400,21.366600
23.340,True,1 2 3 4,29,644.185283,644.185283,-29.185283,20.814717
23.350,True,1 2 3 4,29,644.737403,644.737403,-29.737403,20.262597
23.360,True,1 2 3 4,29,645.289759,645.289759,-30.289759,19.710241
23.370,True,1 2 3 4,29,645.842351,645.842351,-30.842351,19.157649
23.380,True,1 2 3 4,29,646.395180,646.395180,-31.395180,18.604820
23.390,True,1 2 3 4,29,646.948245,646.948245,-31.948245,18.051755
23.400,True,1 2 3 4,29,647.501547,647.501547,-32.501547,17.498453
23.410,True,1 2 3 4,29,648.055085,648.055085,-33.055085,16.944915
23.420,True,1 2 3 4,29,648.608860,648.608860,-33.608860,16.391140
23.430,True,1 2 3 4,29,649.162872,649.162872,-34.162872,15.837128
23.440,True,1 2 3 4,29,649.717120,649.717120,-34.717120,15.282880
23.450,True,1 2 3 4,29,650.271604,650.271604,-35.271604,14.728396
23.460,True,1 2 3 4,29,650.826325,650.826325,-35.826325,14.173675
23.470,True,1 2 3 4,29,651.381282,651.381282,-36.381282,13.618718
23.480,True,1 2 3 4,29,651.936476,651.936476,-36.936476,13.063524
23.490,True,1 2 3 4,29,652.491907,652.491907,-37.491907,12.508093
23.500,True,1 2 3 4,29,653.047573,653.047573,-38.047573,11.952427
23.510,True,1 2 3 4,29,653.603477,653.603477,-38.603477,11.396523
23.520,True,1 2 3 4,29,654.159617,654.159617,-39.159617,10.840383
23.530,True,1 2 3 4,29,654.715993,654.715993,-39.715993,10.284007
23.540,True,1 2 3 4,29,655.272606,655.272606,-40.272606,9.727394
23.550,True,1 2 3 4,29,655.829456,655.829456,-40.829456,9.170544
23.560,True,1 2 3 4,29,656.386542,656.386542,-41.386542,8.613458
23.570,True,1 2 3 4,29,656.943864,656.943864,-41.943864,8.056136
23.580,True,1 2 3 4,29,657.501423,657.501423,-42.501423,7.498577
23.590,True,1 2 3 4,29,658.059218,658.059218,-43.059218,6.940782
23.600,True,1 2 3 4,29,658.617250,658.617250,-43.617250,6.382750
23.610,True,1 2 3 4,29,659.175519,659.175519,-44.175519,5.824481
23.620,True,1 2 3 4,29,659.734024,659.734024,-44.734024,5.265976
23.630,True,1 2 3 4,29,660.292765,660.292765,-45.292765,4.707235
23.640,True,1 2 3 4,29,660.851743,660.851743,-45.851743,4.148257
23.650,True,1 2 3 4,29,661.410958,661.410958,-46.410958,3.589042
23.660,True,1 2 3 4,29,661.970409,661.970409,-46.970409,3.029591
23.670,True,1 2 3 4,29,662.530096,662.530096,-47.530096,2.469904
23.680,True,1 2 3 4,29,663.090020,663.090020,-48.090020,1.909980
23.690,True,1 2 3 4,29,663.650181,663.650181,-48.650181,1.349819
23.700,True,1 2 3 4,29,664.210578,664.210578,-49.210578,0.789422
23.710,True,1 2 3 4,29,664.771211,664.771211,-49.771211,0.228789
23.720,True,2 3 4 5,30,643.154345,643.154345,-28.154345,21.845655
23.730,True,2 3 4 5,30,643.696748,643.696748,-28.696748,21.303252
23.740,True,2 3 4 5,30,644.239380,644.239380,-29.239380,20.760620
23.750,True,2 3 4 5,30,644.782240,644.782240,-29.782240,20.217760
23.760,True,2 3 4 5,30,645.325329,645.325329,-30.325329,19.674671
23.770,True,2 3 4 5,30,645.868646,645.868646,-30.868646,19.131354
23.780,True,2 3 4 5,30,646.412192,646.412192,-31.412192,18.587808
23.790,True,2 3 4 5,30,646.955967,646.955967,-31.955967,18.044033
23.800,True,2 3 4 5,30,647.499970,647.499970,-32.499970,17.500030
23.810,True,2 3 4 5,30,648.044202,648.044202,-33.044202,16.955798
23.820,True,2 3 4 5,30,648.588663,648.588663,-33.588663,16.411337
23.830,True,2 3 4 5,30,649.133352,649.133352,-34.133352,15.866648
23.840,True,2 3 4 5,30,649.678270,649.678270,-34.678270,15.321730
23.850,True,2 3 4 5,30,650.223416,650.223416,-35.223416,14.776584
23.860,True,2 3 4 5,30,650.768791,650.768791,-35.768791,14.231209
23.870,True,2 3 4 5,30,651.314395,651.314395,-36.314395,13.685605
23.880,True,2 3 4 5,30,651.860227,651.860227,-36.860227,13.139773
23.890,True,2 3 4 5,30,652.406288,652.406288,-37.406288,12.593712
23.900,True,2 3 4 5,30,652.952578,652.952578,-37.952578,12.047422
23.910,True,2 3 4 5,30,653.499096,653.499096,-38.499096,11.500904
23.920,True,2 3 4 5,30,654.045842,654.045842,-39.045842,10.954158
23.930,True,2 3 4 5,30,654.592818,654.592818,-39.592818,10.407182
23.940,True,2 3 4 5,30,655.140022,655.140022,-40.140022,9.859978
23.950,True,2 3 4 5,30,655.687454,655.687454,-40.687454,9.312546
23.960,True,2 3 4 5,30,656.235116,656.235116,-41.235116,8.764884
23.970,True,2 3 4 5,30,656.783006,656.783006,-41.783006,8.216994
23.980,True,2 3 4 5,30,657.331124,657.331124,-42.331124,7.668876
23.990,True,2 3 4 5,30,657.879471,657.879471,-42.879471,7.120529
24.000,True,2 3 4 5,30,658.428047,658.428047,-43.428047,6.571953
